【集合住宅】,,【集合住宅】,,,,
■集合住宅の高さによる分類,,■集合住宅の高さによる分類,,,,
①低層集合住宅：○○～○○階建て。密度○○～○○人/ha,,1～2階建て。密度100人/ha～200人/ha,,,,
②中層住宅：○○～○○階建て。密度○○人/ha,,3～5階建て。密度300人/ha,,,,
③高層住宅：○○～○○階建て。密度○○人/ha,,6階建て以上。密度500人/ha,,,,
④超高層住宅：高さ○○m超。密度○○人/ha,,高さ60m超。密度1000人/ha,,,,
■集合住宅の構成による分類,,■集合住宅の構成による分類,,,,
"接地型の住戸配置。
特徴：共用庭は玄関の反対側に設けられ、住棟間のプライバシーを確保するための緩衝スペースとして有効。",路,路地アクセス,例）ライブタウン浜田山,,,
"接地型の住戸配置。
特徴：コミュニティの活性化、居住者どうしの交流の機会を増大させるのに有効。",コ,コモンアクセス,例）タウンハウス諏訪（東京都多摩市）,,,
"共用廊下側に居間。内部空間と外部空間をなじませ、コミュニティの活性化を狙う。
共用廊下と住戸内リビングにレベル差を設ける等、工夫が必要。",リ,リビングアクセス型,例）八潮ハイツ（東京都品川区）,,,
"各住戸が階段室かエレベーターホールに直接面するタイプ。
メリット：各住戸は両面に開口部が取れ、プライバシーを損なわず通風・採光が得られる。
デメリット：エレベーター台数が多くなる",階,階段室型,,,,
"片廊下に面して各住戸が並ぶタイプ。
メリット：エレベーター台数が少なくなる
デメリット：通風・採光とプライバシー両立が難しい。
採光の観点で端に中型大型住戸を配置、中央は小型住戸。",片,片廊下型,,,,
"エレベーターが2,3階毎に止まる。階段室型と片廊下型を組み合わせたタイプ。
メリット：両面に開口部が取りやすい。
デメリット：動線が長くなる。階段が必要。",ス,スキップフロア型,例)晴海高層住宅,,,
"中廊下の両側に住戸を配置。南北軸で配置（じゃないと北向住戸が出るため）。
メリット：敷地に密度の高く住戸を詰め込める。
デメリット：採光や通風に制限。",中,中廊下型,,,,
"中廊下の中央に吹抜け等がある。
メリット：採光・通風が改善
デメリット：廊下部分の面積が大きくなる。",ツ,ツインコリドール型,,,,
"高層マンションによくみられる。
メリット：共用部を少なくできる。
デメリット：各住戸の日照環境が異なる",集,集中型（ボイド型）,,,,
■集合住宅の住宅の形式と計画,,■集合住宅の住宅の形式と計画,,,,
集合住宅で、1住戸が1層で構成された形式。,フ,フラット型,,,,
"集合住宅で、1住戸が2層以上で構成された形式。
階段が住宅内に配置されるので、大規模な住戸に適する。",メ,メゾネット型,,,,
■集合住宅の新しい流れ,,■集合住宅の新しい流れ,,,,
協同組合運営方式による集合住宅。組合を作って企画設計から参加。not賃貸。,コ,コーポラティブハウス,ユーコート（京都府）、Mポート（熊本県）,,,
各住戸の独立性（風呂トイレ台所等あり）もありつつ、食堂・厨房・趣味室等を共用した、集合住宅。,コ,コレクティブハウス,先駆的例）かんかん森,,,
病院での治療・訓練を終了した人が、日常生活への復帰に向けてADL（日常生活動作）訓練を受けることができるリハビリテーション施設,ハ,ハーフウェイハウス,,,,
太陽エネルギーを利用する住宅。熱の移動にポンプやファンなどの機械力を使用し、作動にエネルギーを必要とする方式。,ア,アクティブソーラーハウス,,,,
太陽エネルギーを利用する住宅。集排熱、蓄熱、熱の移動などに専用の装置や動力をできるだけ使用しない太陽熱利用の方式。,パ,パッシブソーラーハウス,,,,
骨組ともいえる構造躯体（スケルトンという）と住戸内の内装・設備（インフィルという）を明確に分離して供給する住宅をいいます。,ス,スケルトン・インフィル住宅,例)NEXT21,,,
建築物や塀で囲まれた中庭をもつ専用住宅,コ,コートハウス,コート＝中庭,,,
区画された専用庭をもつ住戸を，境界壁を介して連続させた接地型の低層集合住宅,テ,テラスハウス,,,,
共用の庭（＝コモンスペース）をもつ低層集合住宅,タ,タウンハウス,,,,
車いすの移動に支障がない住宅。具体的には通路幅が確保され、段差のない住宅です。,モ,モビリティハウス,,,,
障がい者の特性に合わせて、可変間仕切りや上下可動の衛生設備などを備えた住宅。,ア,アジャスタブルハウス,流し台の高さを調整できたりします。,,,
"集合住宅のエレベーターのポイント
中高層で1台あたり○○人程度まで負担できる。（速度・階数にもよる）",,"集合住宅のエレベーターのポイント
中高層で1台あたり100人程度まで負担できる。（速度・階数にもよる）",,,,
"バルコニーの手すり高さ
・高さ○○m以上",,"バルコニーの手すり高さ
・高さ1.1m以上",,,,
【都市計画】,,【004都市計画】,,,,
"アーサーペリの近隣住区の6原則（近隣住区理論）
①規○○、②境○○、③公○○、④公○○、⑤地○○、⑥住○○",,①規模、②境界、③公園、④公共施設、⑤地区店舗、⑥住区内道路,,https://imp.or.jp/wp-content/uploads/2022/01/special-4.pdf,,
■近隣住区理論の、住宅地の段階構成と公共施設計画,,■近隣住区理論の、住宅地の段階構成と公共施設計画,,,,
住居グループ：住戸○○～○○戸。人口○○～○○人。,,住居グループ：100～200戸。人口400～800人。,,,,
"近隣分区：○○～○○戸。人口○○～○○人。
幼○○、日○○、診○○、街○○（児○○）、等。",,"近隣分区：1000～1200戸。人口4000～5000人。
幼稚園、日用品店舗、診療所、街区公園（児童公園）、等。",,,,
"近隣住区：○○～○○戸、人口○○～○○人。
小○○、近○○、ス○○、等。",,"近隣住区：2000～2500戸、人口8000～10,000人。
小学校、近隣公園、スーパーマーケット、等。",,,,
"共同地区：○○～○○戸、人口○○～○○人。
中○○、地○○、郵○○、病○○等。",,"共同地区：4000～5000戸、人口16000～20,000人、中学校、地区公園。郵便局、病院、等。",,,,
"主として街区内の居住者が利用することを目的とした公園。
誘致距離○○m、面積○○haを標準とする。",街,"街区公園（児童公園）
誘致距離250m、面積0.25ha を標準とする。",,https://www.mlit.go.jp/toshi/park/toshi_parkgreen_tk_000138.html,,
"主として近隣の居住者が利用することを目的とする公園。
誘致距離○○m、面積○○haを標準とする。",近,"近隣公園
誘致距離500m、面積2ha を標準とする。",,,,
"主として徒歩圏内の居住者が利用することを目的とした公園。
誘致距離○○km、面積○○ha を標準とする。",地,"地区公園
誘致距離1km、面積4ha を標準とする。",,,,
"休息、散歩、遊戯、運動等に利用することを目的とした公園。
面積○○～○○ha、○○万人以上、都市住民全般を対象。",総,"総合公園。
休息、散歩、遊戯、運動等に利用することを目的とした公園。
面積10～50ha、10万人以上、都市住民全般を対象。",,,,
"主に運動に利用することを目的とした公園。
面積○○～○○ha、○○万人以上、都市住民全般を対象。",運,"運動公園。
主に運動に利用することを目的とした公園。
面積15～75ha、10万人以上、都市住民全般を対象。",,,,
歩車分離。クルドサック（袋小路）。,ラ,ラドバーン,"歩車分離のために住宅地内の通過交通を排除する手法がクルドサック（袋小路）。
光ヶ丘団地（東京都）。千里ニュータウン（大阪府）。",,,
歩車共存。シケイン。バンプ。,ボ,ボンエルフ,"歩車共存のために車の速度を低下させる手法がシケインとバンプです。

発祥オランダ。シーサイドももち（福岡県福岡市）。",,,
"近隣住区方式の空間構成の単調さに対し、
複数の近隣住区群を一体化し、商業施設その他の利便施設を一つの中心地区に集中・集積する計画方式",ワ,ワンセンター方式 ,カンバーノールド（スコットランド）、高蔵寺ニュータウン（愛知県）,,,
"市街地再開発において、既成の市街地の中に、街区程度の小規模な開発を少しずつ挿入（インフィル）していく手法。
(notスケルトンインフィル)",イ,インフィルハウジング,都市（ベルリン、ミュンヘン等）に多い。,,,
持続可能（サスティナブル）でコンパクトな都市及びそれを実現するための都市政策。公共交通機関の活用による脱自動車依存や、省エネ等により実現される。富山市や宇都宮市のLRT。,コ,コンパクトシティ,富山市や宇都宮市、等（LRTでコンパクトシティを実践）,,,
都市計画理論。自動車からの脱却。公共交通機関の優先活用。コンパクトシティ。アワニー原則,ニ,ニューアーバニズム,,,,
都市計画理論。イギリスで提唱。ニューアーバニズムとほぼ一緒。シアトルで実践。,ア,アーバンヴィレッジ,,,,
公共交通指向型都市開発,T,TOD（Transit Oriented Development）,,,,
郊外の鉄道駅付近に駐車場を整備し、自家用車から鉄道に乗り換える手法。かなり色々な都市で採用されている。,パ,パークアンドライド,,,,
パークアンドライドのために郊外に設ける駐車場,フ,フリンジパーキング,,,,
"公共交通機関としての新しい路面電車システム。
普通鉄道（ヘビーレール）と比べて、輸送力の小さな軌道系電車軌道。",L,LRT（Light Rail Transit）,,,,
公共交通機関と歩行者だけ通行できる街路。世界初はニコレットモール（アメリカ）。,ト,トランジットモール,,,,
交通需要マネジメント、交通需要管理ともいい、自動車の効率的な利用や公共交通機関への利用転換など、交通行動の変更を促して、交通量の抑制や集中の平準化など、交通需要の調整を図り、道路交通混雑を緩和し、環境改善などを実現する取組み。,T,TDM（Transportation Demand Management）,,,,
"市街地整備手法2種類。
①市○○、②土○○",,①市街地再開発事業、②土地区画整理事業,都市再開発法にて規定。,,,
土地と共同化ビルを、道路等と一体整備する「立体的な開発」です。対象は、「建築物及び建築敷地の整備」並びに「公共施設の整備等」※公共施設とは道路、公園、広場等。,市,市街地再開発事業,,,,
土地を、道路等と一体整備する「平面的な開発」です。対象は、公共施設（土地と道路等）の整備であって、建築物は対象外。,土,土地区画整理事業,,,,
■①市街地再開発事業の細かな分類,,■①市街地再開発事業の細かな分類,,,,
"①-1.第○○
施行地区内の建築物等をすべて除却して新たに共同化ビルを建設し、従前の権利者の権利を新しい共同化ビルに移し替える「権利変換方式」による事業。主に○○が施行します。",,"①-1.第一種市街地再開発事業
施行地区内の建築物等をすべて除却して新たに共同化ビルを建設し、従前の権利者の権利を新しい共同化ビルに移し替える「権利変換方式」による事業。主に民間が施行します。",,,,
"①-2.第○○
公共性、緊急性が著しく高い場合に実施され、事業の施行者が地区内の土地・建物を○○または○○し、従前の権利者が希望すれば、新しく建てられた共同化ビルの権利が与えられる「管理処分方式」による事業。主に○○が施行します。",,"①-2.第二種市街地再開発事業
公共性、緊急性が著しく高い場合に実施され、事業の施行者が地区内の土地・建物を買収または収用し、従前の権利者が希望すれば、新しく建てられた共同化ビルの権利が与えられる「管理処分方式」による事業。主に地方公共団体が施行します。",,,,
"・建築物の高さを規制する地区。
・建築物の高さの最低限度を定める場合と、最高限度を定める場合とがある。高さの最低限度を定めるのは、都心や駅前などでの土地利用の増進のため。
・高さの最高限度を定めるのは、住居地域などでの環境維持のため。道路、隣地、北側の3斜線制限に、さらに厳しい制限を加えるものである。",高,高度地区,,,,
"・建築物の容積率の最低限度、建築面積の最低限度などを定めるのが特徴。
・都心や駅前が低密度にしか利用されていない場合などに、土地利用の増進のために定められる。
",高,高度利用地区,「高度利用」は「高密度利用＝高容積率」という意味。,,,
"・建築物の敷地、位置、構造、用途、形態、意匠又は建築設備に関する自主協定。
・公共施設（道路、公園等）は対象○○。
・土地の所有者等が全○○の合意の上で建築協定書を特定行政庁に提出し、認可を受ける。
・全国どこでも定めることができる。（建築基準法4章に規定）",建,"建築協定
・建築物の敷地、位置、構造、用途、形態、意匠又は建築設備に関する自主協定。
・公共施設（道路、公園等）は対象外。
・土地の所有者等が全員の合意の上で建築協定書を特定行政庁に提出し、認可を受ける。
・全国どこでも定めることができる。（建築基準法4章に規定）",,,,
"・建築物、公共施設の整備計画を市町村が定める。
・土地の所有者等の意見を求めて市町村が案を作成し、都市計画審議会の議を経て決定する。(都市計画法16条2項、19条)
・都市計画区域内においてのみ定めることができる。（建築基準法3章7節に規定）",地,地区計画,,,,
■都市に関する著書,,■都市に関する著書,,,,
"都市計画の芸術的側面を重視。ルネサンスのヨーロッパの都市における広場の造形を分析・評価。

著書「広場の造○○」：カ○○・ジ○○。",,著書「広場の造形」：カミロ・ジッテ。,,,,
"都市と農村の長所を合わせた田園都市。田園都市を都心から放射状同心円の郊外に計画。実例レッチワース（イギリス）

著書「明日の田○○」：E．ハ○○。",,著書「明日の田園都市」：E．ハワード。,https://imp.or.jp/wp-content/uploads/2021/11/special-2.pdf,,,
"人間環境（近隣、都市、地域）が再建されるべき基本原則について記述。

著書「都市の文○○」：ル○○・マ○○。",,著書「都市の文化」：ルイス・マンフォード。,https://www.jstage.jst.go.jp/article/journalcpij/43.3/0/43.3_157/_article/-char/ja/,,,
"都市の景観の価値を、歩行者によって体験されるシークエンス（視点の移動に伴って変化する、一連の景観の連続的な展開）の中に見いだし、我々がシークエンスによって都市を捉えていることを指摘した。

著書「都市の景○○」：ゴ○○・カ○○",,著書「都市の景観」：ゴードン・カレン,,,,
"パスやランドマーク等、都市のイメージを形成する五つの要素を抽出。

著書「都市のイ○○」：ケ○○・リ○○。",,著書「都市のイメージ」：ケヴィン・リンチ。,,,,
"都市空間における人々の行動がツリー構造ではなく、複雑なセミラチス構造であることを示した。

著書「都市はツ○○」：ク○○・ア○○",,著書「都市はツリーではない」：クリストファー・アレグザンダー,,,,
"例えば「小高い歩道」や「池と小川」など、快適な環境を「パターン」として抽出し、それを言語（ランゲージ）として記述・共有する方法を考案した

著書「パ○○」：ク○○・ア○○",,著書「パタン・ランゲージ」：クリストファー・アレグザンダー,,,,
"デザインという問題を、合理的、かつ、数学的な理論を用いて、定式化して解くことを提案した。

著書「形の合○○」：ク○○・ア○○",,著書「形の合成に関するノート」：クリストファー・アレグザンダー,,,,
"高層ビルと広大な緑地、立体的な交通網を組み合わせた機能的な都市を提案。

著書「ユル○○」：ル・コ○○",,著書「ユルバニスム-明日の都市」：ル・コルビュジェ,ユルバリスムは英語ではアーバニズム(urbanism)、つまり都市(urban)のことであり、通常は都市計画全般を指す。,,,
"都市人口・雇用・生活等の調査分析に基づく科学的な都市計画の研究。

著書「進化する○○」：パ○○・ゲ○○。",,著書「進化する都市」：パトリック・ゲデス。,,,,
"道路の段階構成。

著書「都市の自○○」：C・ブ○○。",,著書「都市の自動車交通」：C・ブキャナン。,,,,
【保育園・幼稚園】,,【保育園・幼稚園】,,,,
厚生労働省、働く保護者に代わって保育、○○児～○○児、1日○○時間程度,保,保育園：厚生労働省、働く保護者に代わって保育、乳児～幼児、1日8時間程度,,,,
文部科学省、小学校入学前の社会訓練、○○～○○歳、1日○○時間程度,幼,幼稚園：文部科学省、小学校入学前の社会訓練、3～5歳、1日4時間程度,,,,
■保育所の諸室要件,,■保育所の諸室要件,,,,
ほふく室：○○～○○歳のハイハイ室　○○m2/人以上（○○畳/人）,,ほふく室：0～1歳（乳児）のハイハイ室　3.3m2/人以上（2畳/人）,,,,
乳児室：○○～○○歳のベビーベッド室　○○m2/人以上（○○畳/人）,,"乳児室：0,1歳（乳児）のベビーベッド室　1.65m2/人以上（1畳/人）",,,,
保育室：○○歳以上（幼児）の室　○○m2/人以上（○○畳/人）,,保育室：2歳以上（幼児）の室　1.98m2/人以上（1.2畳/人）,,,,
1人当たりの床面積は、原則、○○年齢児の方が大きい,,1人当たりの床面積は、原則、低年齢児の方が大きい,,,,
乳児用室と幼児用室は兼用するのは○○,,乳児用室と幼児用室は兼用するのはNG,,,,
"幼児用のトイレ：
保育室に近く配置する。（幼児のトイレは教育の対象のため）。
扉は大人が見守れる高さ○○～○○cm程度として、カ○○はつけない。",,"幼児用のトイレ：
保育室に近く配置する。（幼児のトイレは教育の対象のため）。
扉は大人が見守れる高さ100～120cm程度として、カギはつけない。",,,,
■小学校・中学校の計画,,■小学校・中学校の計画,,,,
"・配置計画の原則
南側○○、北側○○、左側○○
※最近は、片廊下型、フィンガー型、クラスター型も増えている",,"・配置計画の原則
南側教室、北側廊下、左側採光
※最近は、片廊下型、フィンガー型、クラスター型も増えている",,,,
■小学校、中学校の運営方式,,■小学校、中学校の運営方式,,,,
クラスルームで大部分の学習・生活を行う方式。小学校低学年向き。,統,統合教室型,,,,
普通教科はクラスルームで行い、理科・図工等は特別教室で行う方式。小学校高学年～中学校向き。,特,特別教室型,,,,
各教科が専用の教室を持ち、生徒が時間割に従って教室を移動する方式。中学校～高校向き。,教,教科教室型,,,,
教科教室を系列ごと（人文・理数など）にまとめ、教科教室型運営を行う方式。,系,系列教科教室型,,,,
学年ごとに教科教室のまとまりを作って、教科教室型運営を行う方式。,学,学年内教科教室型,,,,
"教室の利用率
○○教室型＜○○教室型",,"教室の利用率
特別教室型＜教科教室型",※特別教室型は、例えば2年1組が音楽室に行っている時間はクラスルームを利用していないので、教室の利用率が下がります。,,,
■小学校、中学校の各部計画,,■小学校、中学校の各部計画,,,,
"普通教室
・○○m2/人程度必要。
・机と机の前後間隔○○cm。",,"普通教室
・1.6m2/人程度必要。
・机と机の前後間隔85cm。",,,,
"特別教室
・小学校では、○○学年側に配置（高学年の方が利用率が高いため）",,"特別教室
・小学校では、高学年側に配置（高学年の方が利用率が高いため）",,,,
"体育館・講堂
・○○機能を優先する（利用頻度を考え）
・地域に開放する場合は、○○に近い所に配置",,"体育館・講堂
・体育館機能を優先する（利用頻度を考え）
・地域に開放する場合は、入口に近い所に配置",,,,
"管理諸室
・学年ごとで教○○等がある場合も。",,"管理諸室
・学年ごとで教師コーナー等がある場合も。",,,,
"廊下
・片廊下幅：○○m以上
・中廊下幅：○○m以上",,"廊下
・片廊下幅：1.8m以上
・中廊下幅：2.3m以上",,,,
"階段
・けあげ○○cm(小学)/○○cm(中学)以下
・踏面○○cm以上
・踊り場幅○○cm以上",,"階段
・けあげ16cm(小学)/18cm(中学)以下
・踏面26cm以上
・踊り場幅140cm以上",,,,
【高齢者施設】,,【高齢者施設】,,,,
■介護保険3施設（介護保険の「施設サービス」が適用される施設）「入所」高齢者施設,,■介護保険3施設（介護保険の「施設サービス」が適用される施設）「入所」高齢者施設,,,,
①入所施設。常時介護。○○m2/人,特,特別養護老人ホーム（特養）、10.65m2/人,,,,
②入所施設。自立した生活に復帰。○○m2/人（4人以下多床室）、○○m2/人（個室）,介,介護老人保健施設（老健）、8m2/人（4人以下多床室）、10.65m2/人（個室）,,,,
③入所施設。長期療養/長期入院。常時医学的管理。,介,介護医療院（老人病院）,,,,
■その他の「入所」の高齢者施設,,■その他の「入所」の高齢者施設,,,,
①入所施設。民間施設。高額。,有,有料老人ホーム,,,,
②入所施設。公的施設（地方公共団体や社会福祉法人）。低額。家族による援助を受ける事が困難。,軽,軽費老人ホーム（ケアハウス）,,,,
③入所施設。食事の支度・掃除洗濯などを介護者と共同で行う。5人以上9人以下の小グループで生活。,認,認知症高齢者グループホーム,,,,
④数日間入所施設。家族負担軽減。,短,短期入所生活介護施設（ショートステイ施設）,,,,
■その他の「通所」の高齢者施設,,■その他の「通所」の高齢者施設,,,,
①通所施設。介護（入浴・排泄・食事）を提供する施設。生活に関する相談。,老,老人デイサービスセンター,,,,
②通所施設。各種相談、レクリエーション等を提供する施設,老,老人福祉センター・老人憩いの家,,,,
■その他の高齢者施設,,■その他の高齢者施設,,,,
①民間賃貸マンション。サービスとは安否確認、緊急時の対応、生活相談など。,サ,サービス付き高齢者向け住宅,"※「サービス付き高齢者向け住宅」と「有料老人ホーム」との制度の関係

サービス付き高齢者向け住宅において、必須の見守りサービスの他に、老人福祉法に基づく有料老人ホームの要件になっている「①食事の提供」「②介護の提供」「③家事の供与」「④健康管理の供与」のいずれかを実施している場合、そのサービス付き高齢者向け住宅は、有料老人ホームに該当します。",,,
②公的賃貸マンション（地方公共団体、都市再生機構など）。LSA（ライフサポートアドバイザー）によりサービスが提供される。サービスはサ高住と同じ内容。,シ,シルバーハウジング,,,,
■その他　高齢者施設のポイント,,■その他　高齢者施設のポイント,,,,
"ユニットケア
①個室化
②共同生活室［居間（デイルーム）兼食堂］
③10人以下の少人数グループ化による、家庭的な環境の実現",,"ユニットケア
①個室化
②共同生活室［居間（デイルーム）兼食堂］
③10人以下の少人数グループ化による、家庭的な環境の実現",,,,
【医療施設】,,【医療施設】,,,,
"医療施設の分類
・診療所：ベッド数○○以下
・病院：ベッド数○○以上○○未満
・総合病院：ベッド数○○以上",,"診療所：ベッド数19以下
病院：ベッド数20以上100未満
総合病院：ベッド数100以上",,,,
"病棟のベッド/チーム配分
・一般（外科・内科）：○○～○○ベッド/チーム
・産科・小児科：○○ベッド/チーム",,"病棟のベッド/チーム配分
一般（外科・内科）：40～50ベッド/チーム
産科・小児科：30ベッド/チーム",,,,
"病室の大きさ
・ベッド間隔750mm：○○m2/人
・ベッド間隔1000mm：○○m2/人
・病院の小児病室：○○m2/人×○○/3（≒○○㎡/人）
・ICU：○○～○○m2/室",,"病室の大きさ
・ベッド間隔750mm：6.4m2/人
・ベッド間隔1000mm：8m2/人
・病院の小児病室：6.4m2/人×○○/3（≒4.3㎡/人）
・ICU：40～50m2/室",,,,
■その他　病院のポイント,,■その他　病院のポイント,,,,
病室の出入り口の幅：○○～○○cm程度（ベッドの円滑な移動を考慮。）,,病室の出入り口の幅：120～150cm程度（ベッドの円滑な移動を考慮。）,,,,
ICU（イ○○ ケ○○ ユ○○：集○○室）：重症患者に○○期間、○○的に治療・看護を行う。居住性は○○。,,ICU（インテンシブ ケア ユニット：集中治療室）：重症患者に短期間、集中的に治療・看護を行う。居住性は不要。,,,,
ADL訓練室 （ア○○ of デ○○ リ○○）：リ○○患者向けに、実際の○○（○○、○○、○○等）を用意したもの。,,・ADL訓練室 （アクティビティ of デイリー リビング）：リハビリ患者向けに、実際の住宅（寝室、浴室、台所等）を用意したもの。,,,,
"X線撮影室
・コンクリート○○壁
・鉄の○○ドア
・のぞきガラスは○○ガラス",,"X線撮影室
・コンクリート防護壁
・鉄の防護ドア
・のぞきガラスは鉛ガラス",,,,
"MRI室
・○○シールドが必要",,"MRI室
・磁気シールドが必要",,,,
"病院の部門の延べ面積に対する面積割合
・病棟部門：○○％程度
・外来部門：○○～○○％程度
・電気室・機械室：○○％程度
※その他に診療部門、供給部門（SPD）、管理部門などがある。",,"病院の部門の延べ面積に対する面積割合
・病棟部門：40％程度
・外来部門：10～15％程度
・電気室・機械室：10％程度
※その他に診療部門、供給部門（SPD）、管理部門などがある。",,,,
"病院の部門構成
・外来部⇔○○部⇔病棟部
の構成が効率がよい。",,"病院の部門構成
・外来部⇔診療部⇔病棟部
の構成が効率がよい。",,,,
"病院内の使用する物品の一元管理を行う。
供給部門の面積効率が高くできる。",供,供給部門（SPD：サプライプロセッシングディストリビューション：物品管理センター）の役割,,,,
"病院の形態
・病棟部門以外の部門を低層にまとめて、その上に病棟部門を積み上げたもの。
・機械による各部門への物品搬送（気送管、トレイ搬送など）が容易になる。",基,基壇型,,,,
"病院の形態
・主動線軸から部門ごとに翼を出したもの。
・増改築に対応しやすい。",多,多翼型,,,,
【図書館】,,【図書館】,,,,
"公共図書館の分類
・中○○図書館：閉架書庫が中心
・地○○図書館（分館）：開架書庫が中心",,"公共図書館の分類
・中央図書館：閉架書庫が中心
・地域図書館（分館）：開架書庫が中心",,,,
BDSとは：ブ○○デ○○システム,,BDS：ブックディテクションシステム（本を勝手に持ち出したら鳴る奴）,,,,
"図書館の出納方式
・自○○式：分館、小規模図書館に多い
・安○○式：閲覧者が書庫から選ぶ
・半○○式：ガラス張り書庫から選んで、係員に出してもらう
・閉○○式：大規模図書館（国立国会図書館とか）",,"図書館の出納方式
・自由開架式：分館、小規模図書館に多い
・安全開架式：閲覧者が書庫から選ぶ
・半開架式：ガラス張り書庫から選んで、係員に出してもらう
・閉架式：大規模図書館（国立国会図書館とか）",,,,
"収蔵量
・開架書庫：約○○冊/m2
・移動式書庫：約○○冊/m2",,"収蔵量
・開架書庫：約170冊/m2
・移動式書庫：約400冊/m2",,,,
"収蔵量
・地域図書館の延べ面積当たりの蔵書数：約○○冊/m2",,"収蔵量
・地域図書館の延べ面積当たりの蔵書数：約50冊/m2",,,,
■その他　図書館の計画ポイント,,■その他　図書館の計画ポイント,,,,
一般閲覧室,,一般閲覧室,,,,
児童閲覧室,,児童閲覧室,,,,
貸出・返却 カウンター,,貸出・返却 カウンター,,,,
レファレンスルーム：利用者が学習、調査、研究するための資料と機器を備え、それを援助する職員が配置される室。,,レファレンスルーム：利用者が学習、調査、研究するための資料と機器を備え、それを援助する職員が配置される室。,,,,
ブラウジングコーナー：新聞や雑誌など机を必要としない軽読書のための室,,ブラウジングコーナー：新聞や雑誌など机を必要としない軽読書のための室,,,,
【美術館、博物館】,,【美術館、博物館】,,,,
■美術館、博物館の平面計画,,■美術館、博物館の平面計画,,,,
逆戻り、交差が無いように計画する。一方通行の展示形式。,連,連続式,,,,
中心のホールに、複数展示室がつながる形式,広,広間式,,,,
廊下によって各展示室を結んだ形式。廊下は回廊で中庭があることも多い,ギ,ギャラリーコリドール式,,,,
"博物館の部門別標準面積
・展示・教育活動関係：○○%程度
・保管・研究関係：○○%程度
・管理その他：○○%程度",,"博物館の部門別標準面積
・展示・教育活動関係：42.5%程度
・保管・研究関係：42.5%程度
・管理その他：15%程度",,,,
"展示室の照度
・洋画：○○lx程度
・日本画：○○lx程度",,"展示室の照度
・洋画：500lx程度
・日本画：200lx程度",,,,
"展示室の照明
・高○○性の照明を利用する。
・展示物と室全体の輝度比：○○：○○程度にする。",,"展示室の照明
・高演色性の照明を利用する。
・展示物と室全体の輝度比：10：1程度にする。",,,,
展示室のガラスケース：無色の高○○ガラスとする。,,展示室のガラスケース：無色の高透過ガラスとする。,,,,
美術館の絵画の視距離：対○○線の○○～○○倍。,,美術館の絵画の視距離：対角線の1.0～1.5倍。,,,,
"美術館の収蔵庫
・温湿度調整のため、外側の躯体とは別に○○造の○○壁を設け二重壁構造にし、その中間層を空調する。",,"美術館の収蔵庫
・温湿度調整のため、外側の躯体とは別に木造の内壁を設け二重壁構造にし、その中間層を空調する。",,,,
"燻蒸室の配置
・燻蒸室は、荷○○室および収○○庫の近くに配置する。",,"燻蒸室の配置
・燻蒸室は、荷解き室および収蔵庫の近くに配置する。",,,,
【体育館】,,【体育館】,,,,
"体育館の広さ
・広さ：W○○m xD○○m。（バスケットボール2面が基準）
・高さ：○○m 以上。バレーボールコートが基準",,"体育館の広さ
・広さ：W41m xD34m。（バスケットボール2面が基準）
・高さ：12.5m 以上。バレーボールコートが基準",テニスコートの高さは12m。,,,
"武道館の広さ
・○○mx○○m。柔道が8間(○○m角）必要なので。",,"武道館の広さ
・15mx15m。柔道が8間(14.56m角）必要なので。",,,,
"屋外競技場の方位
・長軸を○○方向",,"屋外競技場の方位
・長軸を南北方向",太陽高度の低い東西方向の太陽光がまぶしくないように,,,
"体育館の方位
・長軸を○○方向",,"体育館の方位
・長軸を東西方向",壁があるので太陽光は影響なし。採光や通風を考慮し、東西方向が多い,,,
【事務所】,,【事務所】,,,,
"事務所の種類
・専○○所：単独企業で利用
・準○○所：数社の企業（グループ企業など）が集まって、管理運営。
・貸○○所：主要部分を賃貸。
・準○○所：主要部分を自己専用。残りを賃貸。",,"事務所の種類
・専用事務所：単独企業で利用
・準専用事務所：数社の企業（グループ企業など）が集まって、管理運営。
・貸事務所：主要部分を賃貸。
・準貸事務所：主要部分を自己専用。残りを賃貸。",,,,
■コアプランの種類,,■コアプランの種類,,,,
セ○○：面積が大きい（○○～○○m2）場合に適する。レンタブル比が高い。高層用。,,センターコア：面積が大きい（1500～4000m2）場合に適する。レンタブル比が高い。高層用。,,,,
偏○○：面積が小さい(○○～○○m2)場合に適する。低層・中層用。,,偏心コア：面積が小さい(500～2000m2)場合に適する。低層・中層用。,,,,
ダ○○：二方向避難が明確。中層・高層用。,,ダブルコア：二方向避難が明確。中層・高層用。,,,,
分○○：あんまりみない。コアを事務所から独立。中層・高層用。,,分離コア：あんまりみない。コアを事務所から独立。中層・高層用。,例）ロイズ・オブ・ロンドン,,,
"事務所の採光計画
・片側採光の事務室の奥行：最大○○m
・両側採光の事務室の奥行：最大○○m",,"事務所の採光計画
・片側採光の事務室の奥行：最大14m
・両側採光の事務室の奥行：最大28m",,,,
"レンタブル比
・建築物全体のレンタブル比：○○％程度
・基準階のレンタブル比：○○％程度",,"レンタブル比
・建築物全体のレンタブル比：70％程度
・基準階のレンタブル比：80％程度",,,,
事務所ビルの天井モジュール：○○m～○○mが多い。,,事務所ビルの天井モジュール：3.0m～3.6mが多い。,システム天井のグリッドが600mm角だから。スプリンクラーの配置なども含め。あと机の配置計画（照明の下にデスクを置きたい）とかも。,,,
事務所の1人当たりの床面積：○○m2/任程度。,,事務所の1人当たりの床面積：10m2/人程度。,,,,
会議室の1人当たりの床面積：○○m2/人～○○m2/人程度。,,会議室の床面積：2.0m2/人～3.0m2/人程度。,,,,
事務所のコンセント電源容量：○○～○○VA/m2程度。,,事務所のコンセント電源容量：30～50VA/m2程度。,,,,
"事務所のトイレの数
・男子大便器：○○人に1個以上
・男子小便器：○○人に1個以上
・女子大便器：○○人に1個以上",,"事務所のトイレの数
・男子大便器：60人に1個以上
・男子小便器：30人に1個以上
・女子大便器：20人に1個以上",事務所衛生基準規則第17条による,,,
事務所の1日当たりのごみ排出量：○○kg/m2。うち紙類が○○/3を占める。,,事務所の1日当たりのごみ排出量：0.05kg/m2。うち紙類が2/3を占める。,,,,
"事務所のエレベーター計画
・ピーク時の○○分間の利用人数で計画。",,"事務所のエレベーター計画
・ピーク時の5分間の利用人数で計画。",,,,
"EVピーク時の利用率
・複数テナント貸しビル：○○%程度
・自社ビル：○○%程度",,"EVピーク時の利用率
・複数テナント貸しビル：15%程度
・自社ビル：25%程度",自社ビルだと、始業時間が同じなので、利用率が高くなる,,,
事務所ビルのエレベーター台数の概算：○○～○○人当たりに1台,,事務所ビルのエレベーター台数の概算：200～300人当たりに1台,,,,
エレベーター群のサービスフロア数：一般に○○階以下とする。バンク分けする。,,エレベーター群のサービスフロア数：一般に15階以下とする。バンク分けする。,,,,
"エレベーターホールの幅
・1バンクの対面式：○○m～○○m",,"エレベーターホールの幅
・1バンクの対面式：3.5m～4.5m",※もうちょい調べる,,,
"机の配置、配列方式
・対○○式：デスク島。所要面積が最も小さい。
・並○○式（同向式）：対向式の○○～○○倍必要。教室みたいな奴。プライバシーを確保しやすい。
・ス○○式：袖机を使い縦列を交互に配置。コミュニケーションとフライバシーの双方を必要とする業務に適する。",,"机の配置、配列方式
・対向式：デスク島。所要面積が最も小さい。
・並行式（同向式）：対向式の1.2～1.3倍必要。教室みたいな奴。プライバシーを確保しやすい。
・スタック式：袖机を使い縦列を交互に配置。コミュニケーションとフライバシーの双方を必要とする業務に適する。",,,,
防災センターの位置：○○階の出入り口付近。あるいはその直上、直下階の適切な位置。,,防災センターの位置：避難階の出入り口付近。あるいはその直上、直下階の適切な位置。,,,,
【市庁舎】,,【市庁舎】,,,,
"窓口事務部門の面積割合
・延べ面積の約○○％",,"窓口事務部門の面積割合
・延べ面積の約10％",,,,
"議会関連諸室の面積割合
・延べ面積の約○○％",,"議会関連諸室の面積割合
・延べ面積の約10％",,,,
【劇場・映画館】,,【劇場・映画館】,,,,
"劇場・映画館の客席面積
・1人当たり：○○～○○m2程度",,"劇場・映画館の客席面積
・1人当たり：0.5～0.7m2程度",,,,
劇場・映画館の客席の前後間隔：○○cm程度。,,劇場・映画館の客席の前後間隔：100cm程度。,,,,
劇場・映画館の客席の幅：○○cm程度。,,劇場・映画館の客席の幅：50cm程度。,,,,
■舞台の形式,,■舞台の形式,,,,
プ○○ステージ：プ○○アーチ（舞台と客席を区切る額縁）によって客席と舞台が明確に分離されたもの。歌舞伎劇場やオペラ劇場など。,,プロセニアムステージ：プロセニアムアーチ（舞台と客席を区切る額縁）によって客席と舞台が明確に分離されたもの。,例)歌舞伎劇場やオペラ劇場など。,,,
オ○○ステージ：プロセニアムアーチを持たず、客席が舞台を取り囲むように配置されたもの。客席と舞台の一体感を高めることができる。,,オープンステージ：プロセニアムアーチを持たず、客席が舞台を取り囲むように配置されたもの。客席と舞台の一体感を高めることができる。,例）シェイクスピア劇場グローブ座,,,
ア○○ステージ：客席と舞台を可動式とし、演目に応じて客席と舞台の関係を変化できる。プロセニアムステージにもオープンステージにもできる。アダプタブルは「順応できる」という意味。,,アダプタブルステージ：客席と舞台を可動式とし、演目に応じて客席と舞台の関係を変化できる。プロセニアムステージにもオープンステージにもできる。アダプタブルは「順応できる」という意味。,,,,
"コンサートホールの形式
・シ○○型：直方体。音響面で安定。ステージが遠い席がある。
・ア○○型：ステージを取り囲む。反響が複雑で音響調整が難しい。ステージと客席は近く一体感がある。",,"コンサートホールの形式
・シューボックス型：直方体。音響面で安定。ステージが遠い席がある。
・アリーナ型：ステージを取り囲む。反響が複雑で音響調整が難しい。ステージと客席は近く一体感がある。",,,,
"舞台の上手、下手
・上手（かみて）：客席から見て舞台の○○側。
・下手（しもて）：客席から見て舞台の○○側。",,"舞台の上手、下手
・上手（かみて）：客席から見て舞台の右側。
・下手（しもて）：客席から見て舞台の左側",漫才等は、下手イリ、上手ハケが多い。,,,
"劇場の可視限界距離
・劇場は視角度○○度（舞台中心から○○度）、映画館は視覚度○○度（中心から○○度）
・表情等が見える範囲：生○○的限度：○○m
・セリフを重視した演劇の範囲：第○○限度：○○m
・一般的な身振り手振りが見える範囲：第○○限度：○○m",,"劇場の可視限界距離
・劇場は視角度120度（舞台中心から60度）、映画館は視覚度60度（中心から30度）
・表情等が見える範囲：生理的限度：15m
・セリフを重視した演劇の範囲：第一次許容限度：22m
・一般的な身振り手振りが見える範囲：第二次許容限度：38m",,,,
【物品販売店】,,【物品販売店】,,,,
■物品販売店のポイント,,■物品販売店のポイント,,,,
お客様と店員の動線分離。接道は敷地の○○面以上が道路に接すると分離しやすい,,お客様と店員の動線分離。接道は敷地の2面以上が道路に接すると分離しやすい,,,,
手に取りやすい陳列棚の高さ：○○～○○m程度。,,手に取りやすい陳列棚の高さ：0.7～1.5m程度。,,,,
"売り場面積比率
・量販店：延べ面積の○○%程度
・百貨店：延べ面積の○○%程度
・ショッピングセンター：核店舗○○%、専門店○○%",,"売り場面積比率
・量販店：延べ面積の65%程度
・百貨店：延べ面積の55%程度
・ショッピングセンター：核店舗50%、専門店25%",百貨店の方がバックヤードが大きい,,,
"売り場内通路
・主通路幅：○○m程度
・副通路幅：○○m程度",,"売り場内通路
・主通路幅：2.7m程度
・副通路幅：1.8m程度",,,,
【飲食店】,,【飲食店】,,,,
"厨房の面積
・レストラン：全体面積の○○%程度
・喫茶店：全体面積の○○%程度",,"厨房の面積
・レストラン：全体面積の30%程度
・喫茶店：全体面積の15%程度",,,,
【ホテル】,,【ホテル】,,,,
"ホテルの客室部分割合
・シティホテル：○○％程度
・ビジネスホテル：○○％程度",,"ホテルの客室部分割合
・シティホテル：40％程度
・ビジネスホテル：70％程度",シティホテルは宴会場など客室部分以外が大きい,,,
"ホテルの基準階における客室部分の床面積の割合
・シティホテル：○○%程度
・ビジネスホテル：○○％程度",,"ホテルの基準階における客室部分の床面積の割合
・シティホテル：70%程度
・ビジネスホテル：70％程度",基準階はどちらもほぼ同じ,,,
"客室一室あたりの延床面積
・シティホテル：一室○○m2程度。",,"客室一室あたりの延床面積
・シティホテル：一室100m2程度。",,,,
"ホテルの客室1室当たりの床面積
・シングルベッドルーム：○○～○○m2（最低○○m2以上）
・ツインベッドルーム：○○～○○m2",,"ホテルの客室1室当たりの床面積
・シングルベッドルーム：10～20m2（最低9m2以上）
・ツインベッドルーム：20～40m2",最低基準は旅館業法施行令にて規定。,,,
ホテルの宴会場の床面積：1席あたり○○m2程度。,,ホテルの宴会場の床面積：1席あたり2m2程度。,,,,
"ホテルの客室とエレベーター台数
・シティホテル：○○～○○室に1台。サービス用エレベーターは○○/3程度。",,"ホテルの客室とエレベーター台数
・シティホテル：100～200室に1台。サービス用エレベーターは1/3程度。",,※ビジネスホテルなども調べる。,,
【駐車場】,,【駐車場】,,,,
"1台当たりの駐車スペース：幅○○m、長さ○○m程度
車いす用駐車スペース：幅○○m、長さ○○m程度",,"1台当たりの駐車スペース：幅3m、長さ6m程度
車いす用駐車スペース：幅3.5m、長さ6m程度",,,,
"駐車方式の種類
・自走式：1台当たり○○m2程度、必要
・機械式：方式によるが、スカイパーキングは1基○○台が限度",,"駐車方式の種類
・自走式：1台当たり50m2程度、必要
・機械式：方式によるが、スカイパーキングは1基30台が限度",,,,
■駐車場法の基準,,■駐車場法の基準,,,,
車路幅員：片側通行○○m以上、両側通行○○m以上,,車路幅員：片側通行3.5m以上、両側通行5.5m以上,（これも法律調べる。）,,,
車路回転半径：○○m以上（駐車場法施行令第8条）。,,車路回転半径：5m以上（駐車場法施行令第8条）。,,,,
梁下高さ：車路 高さ○○m以上、駐車スペース高さ○○m以上。,,梁下高さ：車路 高さ2.3m以上、駐車スペース 高さ2.1m以上,,,,
車路勾配：○○以下。（傾斜路の上下には○○以下の緩和勾配が必要）,,車路勾配：1/6以下。（傾斜路の上下には1/12以下の緩和勾配が必要）,,,,
■駐車方式の特徴,,■駐車方式の特徴,,,,
"所要面積
・直角駐車：面積が○○い
・斜め駐車：面積が○○い",,"所要面積
・直角駐車：面積が小さい
・斜め駐車：面積が大きい",,,,
"車路の幅
・直角駐車：幅が○○い
・斜め駐車：幅が○○い",,"車路の幅
・直角駐車：幅が大きい
・斜め駐車：幅が小さい",,,,
"自転車とバイクの駐車スペース
・自転車：○○x○○cm
・バイク：○○x○○cm",,"自転車とバイクの駐車スペース
・自転車：60x190cm
・バイク：90x230cm",,,,
駐車場内の柱スパン：○○～○○m。車○○台分。,,駐車場内の柱スパン：8～8.5m。車3台分。,,,,
大規模な駐車場（大型商業施設等）は、○○折入庫、○○折出庫,,大規模な駐車場（大型商業施設等）は、左折入庫、左折出庫,,,,
【建築計画】,,【建築計画】,,,,
"ソシオ○○：求心的。交流を促進する空間デザイン
ソシオ○○：遠心的。交流を妨げる空間デザイン",,"ソシオペタル：求心的。交流を促進する空間デザイン
ソシオフーガル：遠心的。交流を妨げる空間デザイン",,,,
プレファブ工法の種類：,,プレファブ工法の種類：,,,,
軸組工法,,軸組工法,,,,
枠組壁工法,,枠組壁工法,,,,
パネル工法,,パネル工法,,,,
ボックスユニット工法,,ボックスユニット工法,,,,
プレカット方式：木造住宅の継手や仕口を工場でプレカットする,,プレカット方式：木造住宅の継手や仕口を工場でプレカットする,,,,
"バ○○クリーンルーム
・無○○室
・医○○工場・食○○場などで採用
工○○クリーンルーム
・無○○室
・半○○工場や精○○工場などで採用",,"バイオロジカルクリーンルーム
・無菌室
・医薬品工場・食品工場などで採用
工業用クリーンルーム
・無塵室
・半導体工場や光学機器などの精密機械工場などで採用",,,,
【環境工学】,,【環境工学】,,,,
"日射と日照の違い
・日射：○○効果
・日照：○○効果",,"日射と日照の違い
・日射：熱効果
・日照：光効果",,,,
"日射量の種類
①直○○量：地上に直接達する日射量（大気圏で散乱・吸収されたもの除く）
②天○○量：大気圏で散乱して、地上に来た日射量
③全○○量：①+②","
","日射量の種類
①直達日射量：地上に直接達する日射量（大気圏で散乱・吸収されたもの除く）
②天空日射量：大気圏で散乱して、地上に来た日射量
③全天日射量：①+②",,,,
"壁面と水平面の1m2当たりの日射量
・○○至の○○面＞○○至の○○面＞○○至の○○面＞○○至の○○面",,"壁面と水平面の1m2当たりの日射量
・夏至の水平面＞冬至の南壁面＞冬至の水平面＞夏至の南壁面",斜めになるほど弱い,,,
"日射の調整方法
①水○○：夏季の南面日射を遮る効果が高い
②垂○○：西日を遮る効果が高い",,"日射の調整方法
①水平ルーバー：夏季の南面日射を遮る効果が高い
②垂直ルーバー：西日を遮る効果が高い",,,,
"可照時間：理論上日が当たる時間。
・水平面：○○至最長。
・南面：○○至最短。",,"可照時間：理論上日が当たる時間。
・水平面：夏至最長。
・南面：夏至最短。",,,,
"日照率：日○○/可○○x100。
天気や山などの影響を反映。（建物は関係なし）",,"日照率：日照時間/可照時間x100。
天気や山などの影響を反映。（建物は関係なし）",,,,
"隣棟間隔
○○度が高くなるほど日○○時間が長くなるため、間○○が広くなる。",,"隣棟間隔
緯度が高くなるほど日影時間が長くなるため、間隔が広くなる。",,,,
■日影,,■日影,,,,
"・日影時間図で「4時間以上日影となる範囲」の特徴
①建物の東西方向の幅：大きいほど、○○くなる
②建物の南北方向や高さ：影響は○○い。
③複数建物がある場合：島○○ができる場合がある。",,"・日影時間図で「4時間以上日影となる範囲」の特徴
①建物の東西方向の幅：大きいほど、大きくなる
②建物の南北方向や高さ：影響は小さい。
③複数建物がある場合：島日影ができる場合がある。",,,,
夏至に終日日影になる部分の名称：永○○。,,夏至に終日日影になる部分の名称：永久日影。,,,,
"日影規制
・中高層建築物（高さ10m超などの建築物）の、冬至の日影時間を規制。
※敷地境界線から一定距離を超える範囲＆1.5m～6.5mの水平面での日影時間。具体的には各地方自治体の条例等。",,"日影規制
・中高層建築物（高さ10m超などの建築物）の、冬至の日影時間を規制。
※敷地境界線から一定距離を超える範囲＆1.5m～6.5mの水平面での日影時間。具体的には各地方自治体の条例等。",,,,
"ビル風：
卓越風が当たる面積が大きいほど、風速も○○い。",,"ビル風：
卓越風が当たる面積が大きいほど、風速も大きい。",,,,
"ビル風：
風速自体（絶対的な風速）：周囲に建築物がない場合が○○い。
風速増加率：周囲に低層建築物がある場合の方が○○い。",,"ビル風：
風速自体（絶対的な風速）：周囲に建築物がない場合が大きい。
風速増加率：周囲に低層建築物がある場合の方が大きい。",,,,
ク○○チューブ：地中温度が一定なのを利用。地中に外気取り入れチューブ配置した、地中熱を利用した省エネ技術。,,クール/ヒートチューブ：地中温度が一定なのを利用。地中に外気取り入れチューブ配置した、地中熱を利用した省エネ技術。,,,,
■防火、防災計画,,■防火、防災計画,,,,
フ○○：一定の温度に達したときに可燃物が発火し、急激な延焼拡大すること。,,フラッシュオーバー：一定の温度に達したときに可燃物が発火し、急激な延焼拡大すること。,,,,
耐火建築物での火災燃焼は、フラッシュオーバー後は空○○量に依存する。,,耐火建築物での火災燃焼は、フラッシュオーバー後は空気流入量に依存する。,,,,
耐火建築物での煙層の厚さは、火源○○に影響される。（not火源発熱量）,,耐火建築物での煙層の厚さは、火源面積に影響される。（not火源発熱量）,,,,
"噴出する火炎の外壁から離れやすさ：
・○○窓：外壁から離れやすい。上階へ延焼しにくい。
・○○窓：外壁から離れにくい。上階へ延焼やすい。",,"噴出する火炎の外壁から離れやすさ：
・縦長窓：外壁から離れやすい。上階へ延焼しにくい。
・横長窓：外壁から離れにくい。上階へ延焼やすい。",,,,
"・木材の出火危険温度：○○度前後。
・木材の発火危険温度：○○度前後。",,"・木材の出火危険温度：260度前後。
・木材の発火危険温度：450度前後。",,,,
"・数分で人が死ぬ、一酸化炭素濃度：○○%。
・2時間で人が死ぬ、一酸化炭素濃度：○○%",,"・数分で人が死ぬ、一酸化炭素濃度：1%。
・2時間で人が死ぬ、一酸化炭素濃度：0.16%",,,,
火災荷重（等価可燃物量）：可燃物の重量を○○換算したもの。単位kg/m2。,,火災荷重（等価可燃物量）：可燃物の重量を木材換算したもの。単位kg/m2。,,,,
■避難計画と防災計画のポイント,,■避難計画と防災計画のポイント,,,,
避難経路上の扉は避難方向に開くことが原則,,避難経路上の扉は避難方向に開くことが原則,,,,
避難階では、上下階からの階段は連続させない,,避難階では、上下階からの階段は連続させない,,,,
エレベーター、エスカレーターは避難路としては使わない,,エレベーター、エスカレーターは避難路としては使わない,,,,
避難階段とエレベーターホールは区画する,,避難階段とエレベーターホールは区画する,,,,
群集歩行速度：○○m/秒。（群集密度○○人/m2、同一方向の時）,,群集歩行速度：1m/秒。（群集密度1.5人/m2、同一方向の時）,,,,
扉は原則として○○開き（急に扉が開くと、前を通過する人にぶつかるため）,,扉は原則として内開き（急に扉が開くと、前を通過する人にぶつかるため）,,,,
"下記の3点は、例外的に外開き扉とする
①雨仕舞：雨仕舞を考慮して、玄関扉は外開き。
②避難：劇場などの客席の扉は避難方向に合わせて外開き。
③高齢者・患者用の便所：高齢者や患者が使用する便所ブースは外開き。内開きにすると、ブース内で倒れた場合に体が邪魔して扉が開けられなくなる",,"下記の3点は、例外的に外開き扉とする
①雨仕舞：雨仕舞を考慮して、玄関扉は外開き。
②避難：劇場などの客席の扉は避難方向に合わせて外開き。
③高齢者・患者用の便所：高齢者や患者が使用する便所ブースは外開き。内開きにすると、ブース内で倒れた場合に体が邪魔して扉が開けられなくなる",,,,
■建築士の職責、業務,,■建築士の職責、業務,,,,
"・設計フェーズについて
基本設計：「○○」に設計内容を伝えるためのもの
実施設計：「○○」に設計内容を伝えるためのもの",,"・設計フェーズについて
基本設計：「建築主」に設計内容を伝えるためのもの
実施設計：「施工者」に設計内容を伝えるためのもの",,,,
建築事務所の開設者は、専任の建築士（管理建築士）を置かなければならない,,建築事務所の開設者は、専任の建築士（管理建築士）を置かなければならない,,,,
"管理建築士の要件
・建築士事務所で○○年間の○○としての業務。
・管理建築士講習の課程を修了",,"管理建築士の要件
・建築士事務所で3年間の建築士（一級、二級、木造）としての業務。
・管理建築士講習の課程を修了",管理建築士に定期講習はありません。,,,
"免許の交付元
一級建築士：○○
二級建築士、木造建築士：○○",,"免許の交付元
一級建築士：国土交通大臣
二級建築士、木造建築士：都道府県知事",,,,
【寸法設計】,,【寸法設計】,,,,
■寸法の用語,,■寸法の用語,,,,
"・モデュール：建築の設計において基準として用いる単位寸法。
1尺（一般に303㎜）など。
JISにおける建築のベーシックモデュールは100㎜。（JIS A 0001及びJIS A 0004）",,"・モデュール：建築の設計において基準として用いる単位寸法。
1尺（一般に303㎜）など。
JISにおける建築のベーシックモデュールは100㎜。（JIS A 0001及びJIS A 0004）",,,,
"・モデュロール：
コルビュジエが黄金比と人体寸法をもとに考案し、個人的に設計に使っていた寸法体系。モデュールの一種ではあるが、JISとは関係ない。",,"・モデュロール：
コルビュジエが黄金比と人体寸法をもとに考案し、個人的に設計に使っていた寸法体系。モデュールの一種ではあるが、JISとは関係ない。",,,,
"黄金比：　1：○○（トランプやクレジットカード）
白銀比：　1：○○（紙のA4サイズ等はこれ）",,"黄金比：　1：1.618（トランプやクレジットカード）
白銀比：　1：1.414（紙のA4サイズ等はこれ）",,,,
"江戸間
・○○グリッド（柱心を基準寸法の整数倍とする）
・柱間隔は、基準寸法の整数倍とする
・畳の寸法が○○",,"江戸間
・シングルグリッド（柱心を基準寸法の整数倍とする）
・柱間隔は、基準寸法の整数倍とする
・畳の寸法がバラバラ（柱の大きさによる）",,,,
"京間
・○○グリッド（柱内法寸法を基準寸法とする）
・柱間隔は、柱の断面寸法に関係した端数を生じる
・畳の寸法が○○。",,"京間
・ダブルグリッド（柱内法寸法を基準寸法とする）
・柱間隔は、柱の断面寸法に関係した端数を生じる
・畳の寸法が統一。",,,,
■階段・トイレまわり,,■階段・トイレまわり,,,,
踏面寸法には蹴込寸法は含まない,,踏面寸法には蹴込寸法は含まない,,,,
回り階段（螺旋階段）の踏面幅は端部から：○○cmの位置,,回り階段（螺旋階段）の踏面幅は端部から：30cmの位置,,,,
階段に代わる傾斜路の勾配：○○以下,,階段に代わる傾斜路の勾配：1/8以下,,,,
"手すりの高さ
・階段の手すりの高さ：段の先端から○○cm程度（昇降補助）
・バルコニーの手すりの高さ：床から○○cm以上 （転落防止）",,"手すりの高さ
・階段の手すりの高さ：段の先端から85cm程度（昇降補助）
・バルコニーの手すりの高さ：床から110cm以上 （転落防止）",※体の重心である「へそ」が床上100cm程度なので、手すりをそれよりも高い110cm以上とすれば転落防止に有効です。,,,
"スロープの寸法設計
・屋内スロープの勾配・・・1/○○以下
・屋外スロープの勾配・・・1/○○以下
・踊場・・・高さ○○cmごと、幅○○cm以上",,"スロープの寸法設計
・屋内スロープの勾配・・・1/12以下
・屋外スロープの勾配・・・1/15以下
・踊場・・・高さ75cmごと、幅150cm以上",,,,
"流し台、洗面台の高さ
健常者用
・台所の流し台の高さ：○○cm程度
・洗面台の高さ：○○cm程度
車いす使用者用
・台所の流し台の高さ：○○cm程度
・洗面台の高さ：○○cm程度",,"
流し台、洗面台の高さ
健常者用
・台所の流し台の高さ：85cm程度
・洗面台の高さ：75cm程度
車いす使用者用
・台所の流し台の高さ：75cm程度
・洗面台の高さ：75cm程度",,,,
壁掛け型小便器の間隔：芯々で○○mm程度。,,壁掛け型小便器の間隔：芯々で800mm程度。,,,,
洋式トイレブースの大きさ：幅○○cm、奥行○○cm程度。,,洋式トイレブースの大きさ：幅100cm、奥行140cm程度。,,,,
"人の目線の高さ
・立位の人間の目線の高さは○○cm程度
・座位の人間の目線の高さは○○cm程度(椅子に座ると上半身は40cm程度下がる)",,"人の目線の高さ
・立位の人間の目線の高さは155cm程度
・座位の人間の目線の高さは115cm程度(椅子に座ると上半身は40cm程度下がる)",,,,
"パーティションの高さ
・座位で見通しがきく：○○cm
・座位で見通しがきく：○○cm",,"パーティションの高さ
・座位で見通しがきく：110cm
・座位で見通しがきく：120cm",,,,
"・カウンターの高さ
①立位で使用するカウンター　　 ○○cm程度
②車いす使用者用　　用途に関わらず　○○cm程度（机や食卓の高さ）
③図書館の貸出用カウンター　　　　　○○cm程度
④スーパーマーケットのレジカウンター及び包装台　○○cm程度",,"・カウンターの高さ
①立位で使用するカウンター　　 100cm程度
②車いす使用者用　　用途に関わらず　70cm程度（机や食卓の高さ）
③図書館の貸出用カウンター　　　　　70cm程度
④スーパーマーケットのレジカウンター及び包装台　70cm程度",,,,
"案内標識板の高さ
・板の中心を○○cmにすると、立位と座位（車いすの人）の中間になるので、ちょうどいい。",,"案内標識板の高さ
・板の中心を135cmにすると、立位と座位（車いすの人）の中間になるので、ちょうどいい。",,,,
■所要床面積,,■所要床面積,,,,
※書く！,,※書く！,,,,
【高齢者・身体障害者対応】,,【高齢者・身体障害者対応】,"義務基準で書くのが良さそう。
誘導基準とごっちゃになっているものは整理して書くかなぁ。",,,
全般：段差をなくす,,全般：段差をなくす,,,,
廊下：段差なくす、壁の凸凹を避ける,,廊下：段差なくす、壁の凸凹を避ける,,,,
階段：手すりを設ける。段鼻が大きいとつまづきやすい。,,階段：手すりを設ける。段鼻が大きいとつまづきやすい。,,,,
洗面器：下部スペースに板をつけない。鏡は高さ100cm程度にして立位でも車椅子でも使えるようにする。傾斜鏡は使いづらいので避ける。,,洗面器：下部スペースに板をつけない。鏡は高さ100cm程度にして立位でも車椅子でも使えるようにする。傾斜鏡は使いづらいので避ける。,,,,
・車椅子の回転に必要なスペース：直径○○cm以上。,,・車椅子の回転に必要なスペース：直径150cm以上。,,,,
・車椅子が超えられる段差：○○cm以下。,,・車椅子が超えられる段差：2cm以下。,,,,
・車いすのトイレブース：間口○○cm以上、奥行○○cm以上。,,・車いすのトイレブース：間口140cm以上、奥行190cm以上。,,,,
"大便器の高さ
・通常の大便器の高さ：○○cm程度
・車いす使用者用の大便器の高さ：○○cm程度",,"大便器の高さ
・通常の大便器の高さ：42cm程度
・車いす使用者用の大便器の高さ：45cm程度",,"高座面が使いづらい人もいるのね。
だけど、高座面じゃないと車いすに戻れない人もいる。
つまりどちらも必要。
https://www.sanitary-net.com/trend/study/study02-6.html",,
■視覚障害者への対応,,■視覚障害者への対応,,,,
"点字ブロックの種類
・線状ブロック：移○○を示す（通路壁面から○○m以上離して敷設）
・点状ブロック：注○○を示す（障害物等の手前○○cm程度 ）",,"点字ブロックの種類
・線状ブロック：移動方向を示す（通路壁面から1m以上離して敷設）
・点状ブロック：注意喚起を示す（障害物等の手前30cm程度 ）",,,,
点字ブロックの色：原則○○色（明度差○○以上、または輝度比○○以上）,,点字ブロックの色：原則黄色（明度差5以上、または輝度比2.5以上）,,,,
側壁突出物（○○cm以上）：危険なので原則しない、もし設ける場合は10cm以下とする。,,側壁突出物（65cm以上）：危険なので原則しない、もし設ける場合は10cm以下とする。,,,,
踏面色と蹴上面色：明○○差を大きくする。,,踏面色と蹴上面色：明度差を大きくする。,,,,
白内障は視界が黄変化するため、白地に○○色は見づらい。白地に赤色の方が見やすい。,,白内障は視界が黄変化するため、白地に黄色は見づらい。白地に赤色の方が見やすい。,,,,
■バリアフリー法による基準,,■バリアフリー法による基準,,,,
"バリアフリー法の対象建築物
・劇○○、銀○○、ホ○○、デ○○等：誰もが利用する建築物
・老○○、福○○等：高齢者や障害者が利用する建築物
・事○○、学○○、マ○○等：多くの人が利用する建築物",,"バリアフリー法の対象建築物
・劇場、銀行、ホテル、デパート等：誰もが利用する建築物
・老人ホーム、福祉施設等：高齢者や障害者が利用する建築物
・事務所、学校、マンション等：多くの人が利用する建築物",,,,
"バリアフリー法の義務付け対象
○○m2以上の新築、増築、改築をする場合（公衆便所は○○m2以上）
※地方公共団体の条例による面積引き下げ等は可能",,"バリアフリー法の義務付け対象
2000m2以上の新築、増築、改築をする場合（公衆便所は50m2以上）
※地方公共団体の条例による面積引き下げ等は可能",,,,
■バリアフリー法による各種基準,,■バリアフリー法による各種基準,,,,
出入口：○○cm以上。（義務基準）,,出入口：80cm以上。（義務基準）,,,,
廊下幅：○○cm以上。（義務基準）,,廊下幅：120cm以上。（義務基準）,,,,
"傾斜路（義務基準）
手すり：○○側
スロープ幅：○○cm以上
スロープ勾配：1/○○以下",,"傾斜路（義務基準）
手すり：片側
スロープ幅：120cm以上
スロープ勾配：1/12以下",,,,
アプローチ通路幅：○○cm以上（義務基準）,,アプローチ通路幅：120cm以上（義務基準）,,,,
"駐車場（義務基準）
車いす使用者用：○○つ以上
車いす使用者用の幅：○○m以上",,"駐車場（義務基準）
車いす使用者用：1つ以上
車いす使用者用の幅：3.5m以上",,,,
"エレベーター（義務基準）
エレベーターサイズ：出入口有効幅○○cm以上、かご幅○○cm以上、かご奥行き○○cm以上
乗降ロビー：○○cm角以上",,"エレベーター（義務基準）
エレベーターサイズ：出入口有効幅80cm以上、かご幅140cm以上、かご奥行き135cm以上
乗降ロビー：150cm角以上",,,,
"トイレ（義務基準）
車いす使用者用：原則、各階○○個以上（階の床面積や、建物用途で微妙に異なる）
",,"トイレ（義務基準）
車いす使用者用：原則、各階1個以上（階の床面積や、建物用途で微妙に異なる）
",,,,
【窓】,,【窓】,,,,
■窓の種類,,■窓の種類,,,,
"引違い窓：気○○性と雨○○に難あり。○○戸・○○戸が取付可能。○○部清掃可能。
",,"引違い窓：気密性と雨仕舞に難あり。網戸・雨戸が取付可能。外部清掃可能。
",,,,
開き窓：水○○性、気○○性、遮○○性が高い。が、ガラス外面の清掃、降雨中の換気に難あり。風のあおりに弱い。,,開き窓：水密性、気密性、遮音性が高い。が、ガラス外面の清掃、降雨中の換気に難あり。風のあおりに弱い。,,,,
上げ下げ窓：通○○に有効。ガラス外面の清掃に難あり。網戸・雨戸取付可能。,,上げ下げ窓：通風に有効。ガラス外面の清掃に難あり。網戸・雨戸取付可能。,,,,
滑り出し窓（縦軸、横軸）：回○○軸がスライドする。水○○性等もよい。換気、通風に有効。ガラス外面の清掃に難あり。,,滑り出し窓（縦軸、横軸）：回転軸がスライドする。水密性等もよい。換気、通風に有効。ガラス外面の清掃に難あり。,,,,
突き出し窓：上辺が回転軸。下を突出す。排煙窓として多用。,,突き出し窓：上辺が回転軸。下を突出す。排煙窓として多用。,,,,
外倒し窓・内倒し窓：底辺が回転軸。上が倒れる。,,外倒し窓・内倒し窓：底辺が回転軸。上が倒れる。,,,,
回転窓：中心が回○○軸（縦軸、横軸どちらもある）。排煙窓として使用可能。,,回転窓：中心が回転軸（縦軸、横軸どちらもある）。排煙窓として使用可能。,,,,
ドレーキップ：内○○と内○○を切り換えられる。,,ドレーキップ：内倒しと内開きを切り換えられる。,,,,
ルーバー窓：プ○○を保ちつつ換気可能。気○○性に難あり。,,ルーバー窓：プライバシーを保ちつつ換気可能。気密性に難あり。,,,,
はめごろし窓、FIX窓：採○○が主目的。気○○性・水○○性が高い。,,はめごろし窓：採光が主目的。気密性・水密性が高い。,,,,
■窓ガラスの種類,,■窓ガラスの種類,,,,
"複○○ガラス：
空気層があるため、断熱性能UP。遮○○性能は上がらない。",,"複層ガラス：
空気層があるため、断熱性能UP。遮音性能は上がらない。",,,,
"合○○ガラス：
樹脂製の中間膜で合わせる。飛○○防止。",,"合わせガラス：
樹脂製の中間膜で合わせる。飛散防止。",,,,
"L○○ガラス
特殊金属の膜をガラス表面にコーティングし、断熱性・日射遮蔽性を向上。
日射遮蔽型：○○ガラスの中空層側にコーティング。
断熱型：○○ガラスの中空層側にコーティング。",,"LOW-Eガラス
特殊金属の膜をガラス表面にコーティングし、断熱性・日射遮蔽性を向上。
日射遮蔽型：外側ガラスの中空層側にコーティング。
断熱型：内側ガラスの中空層側にコーティング。",,,,
"熱線吸収ガラス
日射遮蔽効果が高い。
熱線吸収ガラスは、熱○○がしやすい。",,"熱線吸収ガラス
日射遮蔽効果が高い。
熱線吸収ガラスは、熱割れがしやすい。",,,,
"網入りガラス
飛○○防止、延○○防止効果。（防○○効果は無い）
熱○○がしやすい。",,"網入りガラス
飛散防止、延焼防止効果。（防犯効果は無い）
熱割れがしやすい。",,,,
"強化ガラス
通常の板ガラスの○○～○○倍の強度
粒状に細かく割れるので、怪我になりにくい。
熱処理後の○○加工は出来ない。",,"強化ガラス
通常の板ガラスの3～5倍の強度
粒状に細かく割れるので、怪我になりにくい。
熱処理後の切断加工は出来ない。",,,,
■外壁,,■外壁,,,,
"・カーテンウォールの
ロッキング方式
スウェー方式",,"・カーテンウォールの
ロッキング方式
スウェー方式",,,,
"・カーテンウォールの水密処理の種類
オープンジョイント方式
フィルドジョイント工法",,"・カーテンウォールの水密処理の種類
オープンジョイント方式
フィルドジョイント工法",,,,
■屋根の種類,,・屋根の種類,,,,
切妻屋根,,切妻屋根,,,,
寄棟屋根,,寄棟屋根,,,,
入母屋屋根,,入母屋屋根,,,,
腰折れ屋根,,腰折れ屋根,,,,
陸屋根,,陸屋根,,,,
■屋根材料と勾配,,■屋根材料と勾配,,,,
茅葺き：勾配○○/○○以上,,茅葺き：勾配6/10以上,,,,
日本瓦：勾配○○/○○以上,,日本瓦：勾配4/10以上,,,,
アスファルトシングル葺き、金属板平葺き：勾配○○/○○以上,,アスファルトシングル葺き、金属板平葺き：勾配3/10以上,,,,
金属板瓦棒葺き：勾配○○/○○以上,,金属板瓦棒葺き：勾配2/10以上,,,,
長尺鉄板瓦棒葺き：勾配○○/○○以上,,長尺鉄板瓦棒葺き：勾配1/10以上,,,,
シート防水、アスファルト防水：勾配○○/○○以上,,シート防水、アスファルト防水：勾配1/100以上,,,,
■壁の種類,,■壁の種類,,,,
真壁：○○勝ちの壁。壁が伸縮しても隙間が開かないように、散りじゃくりを入れる。,,真壁：柱勝ちの壁。壁が伸縮しても隙間が開かないように、散りじゃくりを入れる。,,,,
大壁：○○勝ちの壁。,,大壁：壁勝ちの壁。,,,,
【015日本建築史】,,【015日本建築史】,,,,
■神社建築の8種類,,■神社建築の8種類,,,,
①神○○造,○○入。千○○。鰹○○。,①神明造り(伊勢神宮),平入り。千木（ちぎ）。鰹木（かつおぎ）。,,,
②大○○造,○○入。左右○○の入口。,②大社造り(出雲大社),妻入り。左右非対称の入口。,,,
③住○○造,○○入。左右○○の入口。前を○○陣、後ろを○○陣という。現在は前側に拝殿が付属。,③住吉造り(住吉大社),妻入り。左右対称の入口。内部が2部屋に分かれ、前を外陣、後ろを内陣という。現在は前側に拝殿が付属。,,,
④流○○造,○○入り。この様式が全国で一番多い。,④流れ造り(上加茂神社、下鴨神社),平入り（平側に庇）。この様式が全国で一番多い。,,,
⑤春○○造,○○入り,⑤春日造り(春日大社),妻入り（妻側に庇),,,
⑥八○○造,○○入りを○○重ねる。,⑥八幡造り(宇佐神宮本殿),平入りを2つ重ねる。どちらも本殿。,,,
⑦両○○造,○○入り。,⑦両流れ造り(厳島神社),平入り。正面側と後方側の両方の屋根を長く伸ばす。,,,
⑧権○○造,石の○。入○○。,⑧権現造り(日光東照宮),本殿と拝殿を「石の間」もしくは「相の間」と呼ばれる幣殿で繋ぐ建築様式のこと。入母屋造り。,,,
■お寺の様式,,・お寺の様式,,,,
雲形の組物、雲肘木。,飛,飛鳥様式,,,,
大胆な建築。挿し肘木。六手先組物。,大,大仏様,例）東大寺南大門、浄土寺浄土堂,,,
繊細な建築。海老虹梁、火灯窓、詰組み。,禅,禅宗様,例）円覚寺舎利殿,,,
柱上のみに組物、平行垂木、装飾少なく簡素。三手先組物。,和,和様,例）薬師寺東塔、唐招提寺金堂、新薬師寺本堂,,,
丸柱。床は板張り。外周は壁少ない。扉や蔀（しとみ）。,寝,寝殿造,例）東三条殿（ひがしさんじょうどの）,,,
付書院、床間、床脇（違い棚）,書,書院造,例）光浄院客殿、二条城二の丸御殿,,,
質素。軽快な。簡素で繊細な装飾。,数,数寄屋造,例）桂離宮、西本願寺飛雲閣,,,
"民家の様式。
合掌造り、本棟造り、漏斗造り、曲り家、キャロク造り、アイヌのチセ、両番、兜造り、四方蓋",,合掌造り、本棟造り、漏斗造り、曲り家、キャロク造り、アイヌのチセ、両番、兜造り、四方蓋,,,,
"書院造りの3点セット
①付○○：棚板と明かり取りの障子で構成。もともとは読み書き用の机。
②床○○：掛け軸、花を飾る空間。
③床○○（○○棚）：もともとは工芸品や書物などを置く場所。",,"書院造りの3点セット
①付書院：棚板と明かり取りの障子で構成。もともとは読み書き用の机。
②床の間：掛け軸、花を飾る空間。
③床脇（違い棚）：もともとは工芸品や書物などを置く場所。",,,,
"○○勝手：向かって左に床の間、その左に付書院。右に床脇。
○○勝手：向かって右に床の間、その右に付書院。左に床脇。",,"本勝手：向かって左に床の間、その左に付書院。右に床脇。
逆勝手：向かって右に床の間、その右に付書院。左に床脇。",,,,
無双四分一：床の間に掛け軸を掛けるために設けるためのもの。,,無双四分一：床の間に掛け軸を掛けるために設けるためのもの。,,,,
有名な木割書（きわりしょ）。平内政信。江戸初期。,匠,匠明(しょうめい),,,,
【016西洋・東洋建築史】,,【016西洋・東洋建築史】,,,,
"①古○○様式：オーダー（柱とエンタブレチャの比+柱頭の装飾)。
ド○○式、イ○○式、コ○○式",,"①古代ギリシャ様式
ドリス式、イオニア式、コリント式",例)パルテノン神殿、エレクテイオン神殿,,,
②ロ○○様式：アーチ。○○ヴォールト。,,②ローマ様式：アーチ。筒状ヴォールト。,例)パンテオン、フォロ・ロマーノ、カラカラ浴場,,,
③ビ○○様式：ギ○○十字の平面。ペ○○ドーム。,,③ビザンティン様式：ギリシャ十字の平面。ペンデンティブドーム。,例)サン・マルコ大聖堂、ハギア・ソフィア大聖堂,,,
④ロ○○様式：ラテン十字の平面。○○ヴォールト。バシリカ。,,④ロマネスク様式：ラテン十字の平面。交差ヴォールト。バシリカ。,例)ピサ大聖堂（イタリア）、ヴォルムス大聖堂（ドイツ）、サンタ・マリア修道院（スペイン）、シュパイヤー大聖堂（ドイツ）,,,
⑤ゴ○○様式：○○窓。○○アーチ。○○ヴォールト。フ○○バットレス。,,"⑤ゴシック様式
バラ窓。尖塔アーチ。リブヴォールト。フライングバットレス。",例)サントシャペル（フランス）,,,
⑥ル○○様式：ギ○○・ロ○○時代の復興。,,⑥ルネサンス様式：ギリシャ・ローマ時代の復興。,例)フィレンツェ大聖堂（イタリア）、テンピエット（イタリアローマ）、カンピドリオ広場（イタリアローマ）,,,
⑦バ○○様式：不規○○。○○円。歪んだ○○,,⑦バロック様式：不規則。楕円。歪んだ真珠。,例)サンピエトロ大聖堂（イタリアローマ。楕円の広場ある）。ヴェルサイユ宮殿（フランス）,,,
⑧ロ○○様式：○○な装飾。ロカイユ装飾。猫足脚部。,,⑧ロココ様式：優雅な装飾。ロカイユ装飾。猫足脚部。,例)オテル・ド・スービーズ（フランス）,,,
⑨新○○様式：ギリシャ・ローマ時代を規範。,,⑨新古典主義様式：ギリシャ・ローマ時代を規範。,例)大英博物館。アルテスムゼウム（ドイツ）,,,
⑩ロ○○様式：ゴシック様式の模倣。,,⑩ロマン主義様式：ゴシック様式の模倣。,例),,,
⑪ア○○様式：曲○○を多用した様式。鉄、ガ○○の利用。,,⑪アールヌーヴォー様式：曲線を多用した様式。鉄、ガラスの利用。,例)タッセル邸（ベルギー）、オルタ自邸（ベルギー）、パリの地下鉄駅出入口,,,
■ギリシャ建築の3つの柱頭,,■ギリシャ建築の3つの柱頭,,,,
①ド○○式：エ○○をもつ,,①ドリス式：エンタシスをもつ,,,,
②イ○○式：渦○○型の柱頭,,②イオニア式：渦巻型の柱頭,,,,
③コ○○式：植○○葉の柱頭（アカンサスの葉）,,③コリント式：植物の葉の柱頭（アカンサスの葉）,,,,
【017契約・マネジメント】,,【017契約・マネジメント】,,,,
■契約,,■契約,,,,
"設計者の法的義務
①善○○義務
②説○○義務
③完成建物の瑕○○に対する責任",,"設計者の法的義務
①善管注意義務
②説明義務
③完成建物の瑕疵に対する責任",,,,
"建築主の義務
①報○○義務
②設○○義務",,"建築主の義務
①報酬支払義務
②設計への協力義務",,,,
"工事監理者の義務
①重○○義務
②書○○義務
③善○○義務",,"工事監理者の義務
①重要事項説明義務
②書面交付義務
③善管注意義務",,,,
"標準契約約款の主な例
・公共建築工事標準請負契約約款
・民間建築工事標準請負契約約款",,"標準契約約款の主な例
・公共建築工事標準請負契約約款
・民間建築工事標準請負契約約款",,,,
■マネジメント,,■マネジメント,,,,
・調達方式の種類,,・調達方式の種類,,,,
設計施工分離発注方式,,設計施工分離発注方式,,,,
設計施工一括発注方式,,設計施工一括発注方式,,,,
GC一式請負方式,,GC一式請負方式,,,,
施工分離発注方式,,施工分離発注方式,,,,
マネジメント方式,,マネジメント方式,,,,
CM方式（PureCM）,,CM方式（PureCM）,,,,
PFI方式(プライベート・ファイナンス・イニシアティブ )：民間のノウハウを活用した公共施設の建設・運営手法のことです。,,PFI方式(プライベート・ファイナンス・イニシアティブ )：民間のノウハウを活用した公共施設の建設・運営手法のことです。,,,,
ECIは、Early Contractor Involvementの略です。,,ECIは、Early Contractor Involvementの略です。,,,,
「アーリー（早期）」に「コントラクター（請負者・施工者）」が「インボルブメント（関与）」するという意味です。,,「アーリー（早期）」に「コントラクター（請負者・施工者）」が「インボルブメント（関与）」するという意味です。,,,,
JV（ジョイントベンチャー）：複数の建設業者が特定のプロジェクトのために組織する共同企業体である。リスクを分散する目的。,,JV（ジョイントベンチャー）：複数の建設業者が特定のプロジェクトのために組織する共同企業体である。リスクを分散する目的。,,,,
SPC：特定事業目的会社（Special Purpose Company）。PFIでよく作られる。リスクを限定的にする目的。特定事業以外には行わない。契約期間が終了したら解散。,,SPC：特定事業目的会社（Special Purpose Company）。PFIでよく作られる。リスクを限定的にする目的。特定事業以外には行わない。契約期間が終了したら解散。,,,,
・PFIの手法,,・PFIの手法,,,,
"BOT
　Build（民間による建設）→Operate（民間による運営）→Transfer（行政に移管）
　→民間による運営のノウハウや創意工夫が発揮されやすい。",,"BOT
　Build（民間による建設）→Operate（民間による運営）→Transfer（行政に移管）
　→民間による運営のノウハウや創意工夫が発揮されやすい。",,,,
"BTO
　Build（民間による建設）→Transfer（行政に移管）→Operate（民間による運営）
　→行政が施設を所有してから民間が運営するため、
　　運営の際に行政からの補助金や税制面で優遇がある場合が多い。
　　この理由でBTOのほうが実例としては多い。",,"BTO
　Build（民間による建設）→Transfer（行政に移管）→Operate（民間による運営）
　→行政が施設を所有してから民間が運営するため、
　　運営の際に行政からの補助金や税制面で優遇がある場合が多い。
　　この理由でBTOのほうが実例としては多い。",,,,
■事業計画など,,■事業計画など,,,,
"・フィージビリティスタディ
「フィージビリティ」とは「実現可能性」という意味。
計画している建築物が主として採算面で実現可能性があるか否かの予備調査です。
フィージビリティスタディの結果しだいでは、計画が中止になることもあります。",,"・フィージビリティスタディ
「フィージビリティ」とは「実現可能性」という意味。
計画している建築物が主として採算面で実現可能性があるか否かの予備調査です。
フィージビリティスタディの結果しだいでは、計画が中止になることもあります。",,,,
"・デューデリジェンス
DD（ディーディー）とも言います。
「デューデリジェンス（Due Diligence）」は「当然の努力」という意味。
不動産の取得やM＆A（企業の合併や買収）の前に行う、主として採算面についての詳細な調査です。",,"・デューデリジェンス
DD（ディーディー）とも言います。
「デューデリジェンス（Due Diligence）」は「当然の努力」という意味。
不動産の取得やM＆A（企業の合併や買収）の前に行う、主として採算面についての詳細な調査です。",,,,
・BCP：ビジネスコンティニュープラン。災害等が起きても事業が継続できるように作成する行動計画。,,・BCP：ビジネスコンティニュープラン。災害等が起きても事業が継続できるように作成する行動計画。,,,,
【18建築積算】,,【18建築積算】,,,,
"・積算数量の定義の種類
設○○数量：○○図書から求めた数量
所○○数量：切○○、損○○などを含んだ数量
計○○数量：○○計画により求めた数量（設計図書にない仮○○や土○○の数量等が該当）",,"・積算数量の定義の種類
設計数量：設計図書から求めた数量
所要数量：切り無駄、損耗などを含んだ数量
計画数量：施工計画により求めた数量（設計図書にない仮設物や土工の数量等が該当）",,,,
"仮設の定義の種類
共○○仮設
直○○仮設
専○○仮設",,"仮設の定義の種類
共通仮設：仮囲い、現場事務所、など
直接仮設：足場、一般養生、など
専用仮設",国土交通省「公共建築数量積算基準」,,,
■躯体の積算,,■躯体の積算,,,,
コンクリートの数量は、体積とする。（［m3］で数える。）,,・コンクリートの数量は、体積とする。（［m3］で数える。）,,,,
コンクリートの開口部1か所当たりの体積が○○m3以下の場合は、コンクリートの欠除は無いものとする。,,コンクリートの開口部1か所当たりの体積が0.5m3以下の場合は、コンクリートの欠除は無いものとする。,,,,
SRC造の鉄骨によるコンクリートの欠陥は○○tを○○m3で換算する。,,SRC造の鉄骨によるコンクリートの欠陥は7.85tを1.0m3で換算する。,,,,
■鉄筋、鉄骨の積算,,■鉄筋、鉄骨の積算,,,,
・鉄骨の数量は、質量とする。（［t：トン］で数える。）,,・鉄骨の数量は、質量とする。（［t：トン］で数える。）,,,,
"鉄筋の所要数量は、
・一般：設計数量の鉄筋の○○%の割増をする。
・山留壁、杭：設計数量の鉄筋の○○％の割増とする。",,"鉄筋の所要数量は、
・一般：設計数量の4%の割増をする。
山留壁、杭：設計数量の3％の割増とする。",,,,
"鉄骨の所要数量は、
・一般：設計数量の鉄骨の○○%の割増。
・広幅平鋼、鉄板：鉄骨の○○%の割増。
・ボルト類：○○%の割増。
・アンカーボルト、デッキプレート：○○%の割増。",,"鉄骨の所要数量は、
・一般：設計数量の5%の割増。
・広幅平鋼、鉄板：3%の割増。
・ボルト類：4%の割増。
・アンカーボルト、デッキプレート：0%の割増。",,,,
"重ね継手・圧接継手の箇所数（原則）
・径○○mm以下の鉄筋　→　○○mごとに継手があるものとする。
・径○○mm以上の鉄筋　→　○○mごとに継手があるものとする。",,"重ね継手・圧接継手の箇所数（原則）
・径13mm以下の鉄筋　→　6.0mごとに継手があるものとする。
・径16mm以上の鉄筋　→　7.0mごとに継手があるものとする。",,,,
"溶接長
・脚長○○mmの○○溶接に換算した延べ長さで積算。",,"溶接長
・脚長6mmの隅肉溶接に換算した延べ長さで積算。",,,,
■地業,,■地業,,,,
"法付け工法
　余幅＝「作業上のゆとり幅」＋「法幅の○○/2」",,"法付け工法
　余幅＝「作業上のゆとり幅」＋「法幅の1/2」",,,,
"山留め工法
・余幅＝○○m（根切り深さにかかわらず）",,"山留め工法
・余幅＝1.0m（根切り深さにかかわらず）",,,,
"作業上のゆとり幅の標準
・○○m",,"作業上のゆとり幅の標準
・0.5m　　…これが標準",,,,
"土間、犬走りにおける作業上のゆとり幅
・○○m",,"土間、犬走りにおける作業上のゆとり幅
・0.1m　　…これが例外",,,,
・仕上げの積算,,・仕上げの積算,,,,
■間仕切下地,,■間仕切下地,,,,
"①1段階目の割増
　「設計寸法による長さをm単位に切り上げた長さ」を求める。",,①1段階目の割増,,,,
"②2段階目の割増
　求めた長さと「設計図書における断面積」とによる体積を求めて5％の割増をする。",,②2段階目の割増,,,,
■仕上,,■仕上,,,,
"①1段階目の割増
　「内法寸法による長さに両端の接合等のために必要な長さとして10％を加えた長さ」を求める。",,①1段階目の割増,,,,
"②2段階目の割増
　求めた長さと「設計図書における断面積」とによる体積を求めて5％の割増をする。
1段階目の長さの割増の方法は異なりますが、目的はほぼほぼ同じです。",,②2段階目の割増,,,,
,,,,,,
"エスカレーター
・エスカレーターの勾配：30度以下
・エスカレーターの速度：
・50m/分以下（勾配8度以下）
・45m/分以下（勾配8度～30度）
（建築基準法施行令129条の12）",,"エスカレーター
・エスカレーターの勾配：30度以下
・エスカレーターの速度：
・50m/分以下（勾配8度以下）
・45m/分以下（勾配8度～30度）
（建築基準法施行令129条の12）",,,,
