亂廤崌廧戭亃,,亂廤崌廧戭亃,,,,
仭廤崌廧戭偺崅偝偵傛傞暘椶,,仭廤崌廧戭偺崅偝偵傛傞暘椶,,,,
嘆掅憌廤崌廧戭丗仜仜乣仜仜奒寶偰丅枾搙仜仜乣仜仜恖/ha,,1乣2奒寶偰丅枾搙100恖/ha乣200恖/ha,,,,
嘇拞憌廧戭丗仜仜乣仜仜奒寶偰丅枾搙仜仜恖/ha,,3乣5奒寶偰丅枾搙300恖/ha,,,,
嘊崅憌廧戭丗仜仜乣仜仜奒寶偰丅枾搙仜仜恖/ha,,6奒寶偰埲忋丅枾搙500恖/ha,,,,
嘋挻崅憌廧戭丗崅偝仜仜m挻丅枾搙仜仜恖/ha,,崅偝60m挻丅枾搙1000恖/ha,,,,
仭廤崌廧戭偺峔惉偵傛傞暘椶,,仭廤崌廧戭偺峔惉偵傛傞暘椶,,,,
"愙抧宆偺廧屗攝抲丅
摿挜丗嫟梡掚偼尯娭偺斀懳懁偵愝偗傜傟丄廧搹娫偺僾儔僀僶僔乕傪妋曐偡傞偨傔偺娚徴僗儁乕僗偲偟偰桳岠丅",楬,楬抧傾僋僙僗,椺乯儔僀僽僞僂儞昹揷嶳,,,
"愙抧宆偺廧屗攝抲丅
摿挜丗僐儈儏僯僥傿偺妶惈壔丄嫃廧幰偳偆偟偺岎棳偺婡夛傪憹戝偝偣傞偺偵桳岠丅",僐,僐儌儞傾僋僙僗,椺乯僞僂儞僴僂僗恴朘乮搶嫗搒懡杸巗乯,,,
"嫟梡楲壓懁偵嫃娫丅撪晹嬻娫偲奜晹嬻娫傪側偠傑偣丄僐儈儏僯僥傿偺妶惈壔傪慱偆丅
嫟梡楲壓偲廧屗撪儕價儞僌偵儗儀儖嵎傪愝偗傞摍丄岺晇偑昁梫丅",儕,儕價儞僌傾僋僙僗宆,椺乯敧挭僴僀僣乮搶嫗搒昳愳嬫乯,,,
"奺廧屗偑奒抜幒偐僄儗儀乕僞乕儂乕儖偵捈愙柺偡傞僞僀僾丅
儊儕僢僩丗奺廧屗偼椉柺偵奐岥晹偑庢傟丄僾儔僀僶僔乕傪懝側傢偢捠晽丒嵦岝偑摼傜傟傞丅
僨儊儕僢僩丗僄儗儀乕僞乕戜悢偑懡偔側傞",奒,奒抜幒宆,,,,
"曅楲壓偵柺偟偰奺廧屗偑暲傇僞僀僾丅
儊儕僢僩丗僄儗儀乕僞乕戜悢偑彮側偔側傞
僨儊儕僢僩丗捠晽丒嵦岝偲僾儔僀僶僔乕椉棫偑擄偟偄丅
嵦岝偺娤揰偱抂偵拞宆戝宆廧屗傪攝抲丄拞墰偼彫宆廧屗丅",曅,曅楲壓宆,,,,
"僄儗儀乕僞乕偑2,3奒枅偵巭傑傞丅奒抜幒宆偲曅楲壓宆傪慻傒崌傢偣偨僞僀僾丅
儊儕僢僩丗椉柺偵奐岥晹偑庢傝傗偡偄丅
僨儊儕僢僩丗摦慄偑挿偔側傞丅奒抜偑昁梫丅",僗,僗僉僢僾僼儘傾宆,椺)惏奀崅憌廧戭,,,
"拞楲壓偺椉懁偵廧屗傪攝抲丅撿杒幉偱攝抲乮偠傖側偄偲杒岦廧屗偑弌傞偨傔乯丅
儊儕僢僩丗晘抧偵枾搙偺崅偔廧屗傪媗傔崬傔傞丅
僨儊儕僢僩丗嵦岝傗捠晽偵惂尷丅",拞,拞楲壓宆,,,,
"拞楲壓偺拞墰偵悂敳偗摍偑偁傞丅
儊儕僢僩丗嵦岝丒捠晽偑夵慞
僨儊儕僢僩丗楲壓晹暘偺柺愊偑戝偒偔側傞丅",僣,僣僀儞僐儕僪乕儖宆,,,,
"崅憌儅儞僔儑儞偵傛偔傒傜傟傞丅
儊儕僢僩丗嫟梡晹傪彮側偔偱偒傞丅
僨儊儕僢僩丗奺廧屗偺擔徠娐嫬偑堎側傞",廤,廤拞宆乮儃僀僪宆乯,,,,
仭廤崌廧戭偺廧戭偺宍幃偲寁夋,,仭廤崌廧戭偺廧戭偺宍幃偲寁夋,,,,
廤崌廧戭偱丄1廧屗偑1憌偱峔惉偝傟偨宍幃丅,僼,僼儔僢僩宆,,,,
"廤崌廧戭偱丄1廧屗偑2憌埲忋偱峔惉偝傟偨宍幃丅
奒抜偑廧戭撪偵攝抲偝傟傞偺偱丄戝婯柾側廧屗偵揔偡傞丅",儊,儊僝僱僢僩宆,,,,
仭廤崌廧戭偺怴偟偄棳傟,,仭廤崌廧戭偺怴偟偄棳傟,,,,
嫤摨慻崌塣塩曽幃偵傛傞廤崌廧戭丅慻崌傪嶌偭偰婇夋愝寁偐傜嶲壛丅not捓戄丅,僐,僐乕億儔僥傿僽僴僂僗,儐乕僐乕僩乮嫗搒晎乯丄M億乕僩乮孎杮導乯,,,
奺廧屗偺撈棫惈乮晽楥僩僀儗戜強摍偁傝乯傕偁傝偮偮丄怘摪丒悀朳丒庯枴幒摍傪嫟梡偟偨丄廤崌廧戭丅,僐,僐儗僋僥傿僽僴僂僗,愭嬱揑椺乯偐傫偐傫怷,,,
昦堾偱偺帯椕丒孭楙傪廔椆偟偨恖偑丄擔忢惗妶傊偺暅婣偵岦偗偰ADL乮擔忢惗妶摦嶌乯孭楙傪庴偗傞偙偲偑偱偒傞儕僴價儕僥乕僔儑儞巤愝,僴,僴乕僼僂僃僀僴僂僗,,,,
懢梲僄僱儖僊乕傪棙梡偡傞廧戭丅擬偺堏摦偵億儞僾傗僼傽儞側偳偺婡夿椡傪巊梡偟丄嶌摦偵僄僱儖僊乕傪昁梫偲偡傞曽幃丅,傾,傾僋僥傿僽僜乕儔乕僴僂僗,,,,
懢梲僄僱儖僊乕傪棙梡偡傞廧戭丅廤攔擬丄拁擬丄擬偺堏摦側偳偵愱梡偺憰抲傗摦椡傪偱偒傞偩偗巊梡偟側偄懢梲擬棙梡偺曽幃丅,僷,僷僢僔僽僜乕儔乕僴僂僗,,,,
崪慻偲傕偄偊傞峔憿嬰懱乮僗働儖僩儞偲偄偆乯偲廧屗撪偺撪憰丒愝旛乮僀儞僼傿儖偲偄偆乯傪柧妋偵暘棧偟偰嫙媼偡傞廧戭傪偄偄傑偡丅,僗,僗働儖僩儞丒僀儞僼傿儖廧戭,椺)NEXT21,,,
寶抸暔傗暬偱埻傑傟偨拞掚傪傕偮愱梡廧戭,僐,僐乕僩僴僂僗,僐乕僩亖拞掚,,,
嬫夋偝傟偨愱梡掚傪傕偮廧屗傪丆嫬奅暻傪夘偟偰楢懕偝偣偨愙抧宆偺掅憌廤崌廧戭,僥,僥儔僗僴僂僗,,,,
嫟梡偺掚乮亖僐儌儞僗儁乕僗乯傪傕偮掅憌廤崌廧戭,僞,僞僂儞僴僂僗,,,,
幵偄偡偺堏摦偵巟忈偑側偄廧戭丅嬶懱揑偵偼捠楬暆偑妋曐偝傟丄抜嵎偺側偄廧戭偱偡丅,儌,儌價儕僥傿僴僂僗,,,,
忈偑偄幰偺摿惈偵崌傢偣偰丄壜曄娫巇愗傝傗忋壓壜摦偺塹惗愝旛側偳傪旛偊偨廧戭丅,傾,傾僕儍僗僞僽儖僴僂僗,棳偟戜偺崅偝傪挷惍偱偒偨傝偟傑偡丅,,,
"廤崌廧戭偺僄儗儀乕僞乕偺億僀儞僩
拞崅憌偱1戜偁偨傝仜仜恖掱搙傑偱晧扴偱偒傞丅乮懍搙丒奒悢偵傕傛傞乯",,"廤崌廧戭偺僄儗儀乕僞乕偺億僀儞僩
拞崅憌偱1戜偁偨傝100恖掱搙傑偱晧扴偱偒傞丅乮懍搙丒奒悢偵傕傛傞乯",,,,
"僶儖僐僯乕偺庤偡傝崅偝
丒崅偝仜仜m埲忋",,"僶儖僐僯乕偺庤偡傝崅偝
丒崅偝1.1m埲忋",,,,
亂搒巗寁夋亃,,亂004搒巗寁夋亃,,,,
"傾乕僒乕儁儕偺嬤椬廧嬫偺6尨懃乮嬤椬廧嬫棟榑乯
嘆婯仜仜丄嘇嫬仜仜丄嘊岞仜仜丄嘋岞仜仜丄嘍抧仜仜丄嘐廧仜仜",,嘆婯柾丄嘇嫬奅丄嘊岞墍丄嘋岞嫟巤愝丄嘍抧嬫揦曑丄嘐廧嬫撪摴楬,,https://imp.or.jp/wp-content/uploads/2022/01/special-4.pdf,,
仭嬤椬廧嬫棟榑偺丄廧戭抧偺抜奒峔惉偲岞嫟巤愝寁夋,,仭嬤椬廧嬫棟榑偺丄廧戭抧偺抜奒峔惉偲岞嫟巤愝寁夋,,,,
廧嫃僌儖乕僾丗廧屗仜仜乣仜仜屗丅恖岥仜仜乣仜仜恖丅,,廧嫃僌儖乕僾丗100乣200屗丅恖岥400乣800恖丅,,,,
"嬤椬暘嬫丗仜仜乣仜仜屗丅恖岥仜仜乣仜仜恖丅
梒仜仜丄擔仜仜丄恌仜仜丄奨仜仜乮帣仜仜乯丄摍丅",,"嬤椬暘嬫丗1000乣1200屗丅恖岥4000乣5000恖丅
梒抰墍丄擔梡昳揦曑丄恌椕強丄奨嬫岞墍乮帣摱岞墍乯丄摍丅",,,,
"嬤椬廧嬫丗仜仜乣仜仜屗丄恖岥仜仜乣仜仜恖丅
彫仜仜丄嬤仜仜丄僗仜仜丄摍丅",,"嬤椬廧嬫丗2000乣2500屗丄恖岥8000乣10,000恖丅
彫妛峑丄嬤椬岞墍丄僗乕僷乕儅乕働僢僩丄摍丅",,,,
"嫟摨抧嬫丗仜仜乣仜仜屗丄恖岥仜仜乣仜仜恖丅
拞仜仜丄抧仜仜丄梄仜仜丄昦仜仜摍丅",,"嫟摨抧嬫丗4000乣5000屗丄恖岥16000乣20,000恖丄拞妛峑丄抧嬫岞墍丅梄曋嬊丄昦堾丄摍丅",,,,
"庡偲偟偰奨嬫撪偺嫃廧幰偑棙梡偡傞偙偲傪栚揑偲偟偨岞墍丅
桿抳嫍棧仜仜m丄柺愊仜仜ha傪昗弨偲偡傞丅",奨,"奨嬫岞墍乮帣摱岞墍乯
桿抳嫍棧250m丄柺愊0.25ha 傪昗弨偲偡傞丅",,https://www.mlit.go.jp/toshi/park/toshi_parkgreen_tk_000138.html,,
"庡偲偟偰嬤椬偺嫃廧幰偑棙梡偡傞偙偲傪栚揑偲偡傞岞墍丅
桿抳嫍棧仜仜m丄柺愊仜仜ha傪昗弨偲偡傞丅",嬤,"嬤椬岞墍
桿抳嫍棧500m丄柺愊2ha 傪昗弨偲偡傞丅",,,,
"庡偲偟偰搆曕寳撪偺嫃廧幰偑棙梡偡傞偙偲傪栚揑偲偟偨岞墍丅
桿抳嫍棧仜仜km丄柺愊仜仜ha 傪昗弨偲偡傞丅",抧,"抧嬫岞墍
桿抳嫍棧1km丄柺愊4ha 傪昗弨偲偡傞丅",,,,
"媥懅丄嶶曕丄梀媃丄塣摦摍偵棙梡偡傞偙偲傪栚揑偲偟偨岞墍丅
柺愊仜仜乣仜仜ha丄仜仜枩恖埲忋丄搒巗廧柉慡斒傪懳徾丅",憤,"憤崌岞墍丅
媥懅丄嶶曕丄梀媃丄塣摦摍偵棙梡偡傞偙偲傪栚揑偲偟偨岞墍丅
柺愊10乣50ha丄10枩恖埲忋丄搒巗廧柉慡斒傪懳徾丅",,,,
"庡偵塣摦偵棙梡偡傞偙偲傪栚揑偲偟偨岞墍丅
柺愊仜仜乣仜仜ha丄仜仜枩恖埲忋丄搒巗廧柉慡斒傪懳徾丅",塣,"塣摦岞墍丅
庡偵塣摦偵棙梡偡傞偙偲傪栚揑偲偟偨岞墍丅
柺愊15乣75ha丄10枩恖埲忋丄搒巗廧柉慡斒傪懳徾丅",,,,
曕幵暘棧丅僋儖僪僒僢僋乮戃彫楬乯丅,儔,儔僪僶乕儞,"曕幵暘棧偺偨傔偵廧戭抧撪偺捠夁岎捠傪攔彍偡傞庤朄偑僋儖僪僒僢僋乮戃彫楬乯丅
岝儢媢抍抧乮搶嫗搒乯丅愮棦僯儏乕僞僂儞乮戝嶃晎乯丅",,,
曕幵嫟懚丅僔働僀儞丅僶儞僾丅,儃,儃儞僄儖僼,"曕幵嫟懚偺偨傔偵幵偺懍搙傪掅壓偝偣傞庤朄偑僔働僀儞偲僶儞僾偱偡丅

敪徦僆儔儞僟丅僔乕僒僀僪傕傕偪乮暉壀導暉壀巗乯丅",,,
"嬤椬廧嬫曽幃偺嬻娫峔惉偺扨挷偝偵懳偟丄
暋悢偺嬤椬廧嬫孮傪堦懱壔偟丄彜嬈巤愝偦偺懠偺棙曋巤愝傪堦偮偺拞怱抧嬫偵廤拞丒廤愊偡傞寁夋曽幃",儚,儚儞僙儞僞乕曽幃 ,僇儞僶乕僲乕儖僪乮僗僐僢僩儔儞僪乯丄崅憼帥僯儏乕僞僂儞乮垽抦導乯,,,
"巗奨抧嵞奐敪偵偍偄偰丄婛惉偺巗奨抧偺拞偵丄奨嬫掱搙偺彫婯柾側奐敪傪彮偟偢偮憓擖乮僀儞僼傿儖乯偟偰偄偔庤朄丅
(not僗働儖僩儞僀儞僼傿儖)",僀,僀儞僼傿儖僴僂僕儞僌,搒巗乮儀儖儕儞丄儈儏儞僿儞摍乯偵懡偄丅,,,
帩懕壜擻乮僒僗僥傿僫僽儖乯偱僐儞僷僋僩側搒巗媦傃偦傟傪幚尰偡傞偨傔偺搒巗惌嶔丅岞嫟岎捠婡娭偺妶梡偵傛傞扙帺摦幵埶懚傗丄徣僄僱摍偵傛傝幚尰偝傟傞丅晉嶳巗傗塅搒媨巗偺LRT丅,僐,僐儞僷僋僩僔僥傿,晉嶳巗傗塅搒媨巗丄摍乮LRT偱僐儞僷僋僩僔僥傿傪幚慔乯,,,
搒巗寁夋棟榑丅帺摦幵偐傜偺扙媝丅岞嫟岎捠婡娭偺桪愭妶梡丅僐儞僷僋僩僔僥傿丅傾儚僯乕尨懃,僯,僯儏乕傾乕僶僯僘儉,,,,
搒巗寁夋棟榑丅僀僊儕僗偱採彞丅僯儏乕傾乕僶僯僘儉偲傎傏堦弿丅僔傾僩儖偱幚慔丅,傾,傾乕僶儞償傿儗僢僕,,,,
岞嫟岎捠巜岦宆搒巗奐敪,T,TOD乮Transit Oriented Development乯,,,,
峹奜偺揝摴墂晅嬤偵挀幵応傪惍旛偟丄帺壠梡幵偐傜揝摴偵忔傝姺偊傞庤朄丅偐側傝怓乆側搒巗偱嵦梡偝傟偰偄傞丅,僷,僷乕僋傾儞僪儔僀僪,,,,
僷乕僋傾儞僪儔僀僪偺偨傔偵峹奜偵愝偗傞挀幵応,僼,僼儕儞僕僷乕僉儞僌,,,,
"岞嫟岎捠婡娭偲偟偰偺怴偟偄楬柺揹幵僔僗僥儉丅
晛捠揝摴乮僿價乕儗乕儖乯偲斾傋偰丄桝憲椡偺彫偝側婳摴宯揹幵婳摴丅",L,LRT乮Light Rail Transit乯,,,,
岞嫟岎捠婡娭偲曕峴幰偩偗捠峴偱偒傞奨楬丅悽奅弶偼僯僐儗僢僩儌乕儖乮傾儊儕僇乯丅,僩,僩儔儞僕僢僩儌乕儖,,,,
岎捠廀梫儅僱僕儊儞僩丄岎捠廀梫娗棟偲傕偄偄丄帺摦幵偺岠棪揑側棙梡傗岞嫟岎捠婡娭傊偺棙梡揮姺側偳丄岎捠峴摦偺曄峏傪懀偟偰丄岎捠検偺梷惂傗廤拞偺暯弨壔側偳丄岎捠廀梫偺挷惍傪恾傝丄摴楬岎捠崿嶨傪娚榓偟丄娐嫬夵慞側偳傪幚尰偡傞庢慻傒丅,T,TDM乮Transportation Demand Management乯,,,,
"巗奨抧惍旛庤朄2庬椶丅
嘆巗仜仜丄嘇搚仜仜",,嘆巗奨抧嵞奐敪帠嬈丄嘇搚抧嬫夋惍棟帠嬈,搒巗嵞奐敪朄偵偰婯掕丅,,,
搚抧偲嫟摨壔價儖傪丄摴楬摍偲堦懱惍旛偡傞乽棫懱揑側奐敪乿偱偡丅懳徾偼丄乽寶抸暔媦傃寶抸晘抧偺惍旛乿暲傃偵乽岞嫟巤愝偺惍旛摍乿仸岞嫟巤愝偲偼摴楬丄岞墍丄峀応摍丅,巗,巗奨抧嵞奐敪帠嬈,,,,
搚抧傪丄摴楬摍偲堦懱惍旛偡傞乽暯柺揑側奐敪乿偱偡丅懳徾偼丄岞嫟巤愝乮搚抧偲摴楬摍乯偺惍旛偱偁偭偰丄寶抸暔偼懳徾奜丅,搚,搚抧嬫夋惍棟帠嬈,,,,
仭嘆巗奨抧嵞奐敪帠嬈偺嵶偐側暘椶,,仭嘆巗奨抧嵞奐敪帠嬈偺嵶偐側暘椶,,,,
"嘆-1.戞仜仜
巤峴抧嬫撪偺寶抸暔摍傪偡傋偰彍媝偟偰怴偨偵嫟摨壔價儖傪寶愝偟丄廬慜偺尃棙幰偺尃棙傪怴偟偄嫟摨壔價儖偵堏偟懼偊傞乽尃棙曄姺曽幃乿偵傛傞帠嬈丅庡偵仜仜偑巤峴偟傑偡丅",,"嘆-1.戞堦庬巗奨抧嵞奐敪帠嬈
巤峴抧嬫撪偺寶抸暔摍傪偡傋偰彍媝偟偰怴偨偵嫟摨壔價儖傪寶愝偟丄廬慜偺尃棙幰偺尃棙傪怴偟偄嫟摨壔價儖偵堏偟懼偊傞乽尃棙曄姺曽幃乿偵傛傞帠嬈丅庡偵柉娫偑巤峴偟傑偡丅",,,,
"嘆-2.戞仜仜
岞嫟惈丄嬞媫惈偑挊偟偔崅偄応崌偵幚巤偝傟丄帠嬈偺巤峴幰偑抧嬫撪偺搚抧丒寶暔傪仜仜傑偨偼仜仜偟丄廬慜偺尃棙幰偑婓朷偡傟偽丄怴偟偔寶偰傜傟偨嫟摨壔價儖偺尃棙偑梌偊傜傟傞乽娗棟張暘曽幃乿偵傛傞帠嬈丅庡偵仜仜偑巤峴偟傑偡丅",,"嘆-2.戞擇庬巗奨抧嵞奐敪帠嬈
岞嫟惈丄嬞媫惈偑挊偟偔崅偄応崌偵幚巤偝傟丄帠嬈偺巤峴幰偑抧嬫撪偺搚抧丒寶暔傪攦廂傑偨偼廂梡偟丄廬慜偺尃棙幰偑婓朷偡傟偽丄怴偟偔寶偰傜傟偨嫟摨壔價儖偺尃棙偑梌偊傜傟傞乽娗棟張暘曽幃乿偵傛傞帠嬈丅庡偵抧曽岞嫟抍懱偑巤峴偟傑偡丅",,,,
"丒寶抸暔偺崅偝傪婯惂偡傞抧嬫丅
丒寶抸暔偺崅偝偺嵟掅尷搙傪掕傔傞応崌偲丄嵟崅尷搙傪掕傔傞応崌偲偑偁傞丅崅偝偺嵟掅尷搙傪掕傔傞偺偼丄搒怱傗墂慜側偳偱偺搚抧棙梡偺憹恑偺偨傔丅
丒崅偝偺嵟崅尷搙傪掕傔傞偺偼丄廧嫃抧堟側偳偱偺娐嫬堐帩偺偨傔丅摴楬丄椬抧丄杒懁偺3幬慄惂尷偵丄偝傜偵尩偟偄惂尷傪壛偊傞傕偺偱偁傞丅",崅,崅搙抧嬫,,,,
"丒寶抸暔偺梕愊棪偺嵟掅尷搙丄寶抸柺愊偺嵟掅尷搙側偳傪掕傔傞偺偑摿挜丅
丒搒怱傗墂慜偑掅枾搙偵偟偐棙梡偝傟偰偄側偄応崌側偳偵丄搚抧棙梡偺憹恑偺偨傔偵掕傔傜傟傞丅
",崅,崅搙棙梡抧嬫,乽崅搙棙梡乿偼乽崅枾搙棙梡亖崅梕愊棪乿偲偄偆堄枴丅,,,
"丒寶抸暔偺晘抧丄埵抲丄峔憿丄梡搑丄宍懺丄堄彔枖偼寶抸愝旛偵娭偡傞帺庡嫤掕丅
丒岞嫟巤愝乮摴楬丄岞墍摍乯偼懳徾仜仜丅
丒搚抧偺強桳幰摍偑慡仜仜偺崌堄偺忋偱寶抸嫤掕彂傪摿掕峴惌挕偵採弌偟丄擣壜傪庴偗傞丅
丒慡崙偳偙偱傕掕傔傞偙偲偑偱偒傞丅乮寶抸婎弨朄4復偵婯掕乯",寶,"寶抸嫤掕
丒寶抸暔偺晘抧丄埵抲丄峔憿丄梡搑丄宍懺丄堄彔枖偼寶抸愝旛偵娭偡傞帺庡嫤掕丅
丒岞嫟巤愝乮摴楬丄岞墍摍乯偼懳徾奜丅
丒搚抧偺強桳幰摍偑慡堳偺崌堄偺忋偱寶抸嫤掕彂傪摿掕峴惌挕偵採弌偟丄擣壜傪庴偗傞丅
丒慡崙偳偙偱傕掕傔傞偙偲偑偱偒傞丅乮寶抸婎弨朄4復偵婯掕乯",,,,
"丒寶抸暔丄岞嫟巤愝偺惍旛寁夋傪巗挰懞偑掕傔傞丅
丒搚抧偺強桳幰摍偺堄尒傪媮傔偰巗挰懞偑埬傪嶌惉偟丄搒巗寁夋怰媍夛偺媍傪宱偰寛掕偡傞丅(搒巗寁夋朄16忦2崁丄19忦)
丒搒巗寁夋嬫堟撪偵偍偄偰偺傒掕傔傞偙偲偑偱偒傞丅乮寶抸婎弨朄3復7愡偵婯掕乯",抧,抧嬫寁夋,,,,
仭搒巗偵娭偡傞挊彂,,仭搒巗偵娭偡傞挊彂,,,,
"搒巗寁夋偺寍弍揑懁柺傪廳帇丅儖僱僒儞僗偺儓乕儘僢僷偺搒巗偵偍偗傞峀応偺憿宍傪暘愅丒昡壙丅

挊彂乽峀応偺憿仜仜乿丗僇仜仜丒僕仜仜丅",,挊彂乽峀応偺憿宍乿丗僇儈儘丒僕僢僥丅,,,,
"搒巗偲擾懞偺挿強傪崌傢偣偨揷墍搒巗丅揷墍搒巗傪搒怱偐傜曻幩忬摨怱墌偺峹奜偵寁夋丅幚椺儗僢僠儚乕僗乮僀僊儕僗乯

挊彂乽柧擔偺揷仜仜乿丗E丏僴仜仜丅",,挊彂乽柧擔偺揷墍搒巗乿丗E丏僴儚乕僪丅,https://imp.or.jp/wp-content/uploads/2021/11/special-2.pdf,,,
"恖娫娐嫬乮嬤椬丄搒巗丄抧堟乯偑嵞寶偝傟傞傋偒婎杮尨懃偵偮偄偰婰弎丅

挊彂乽搒巗偺暥仜仜乿丗儖仜仜丒儅仜仜丅",,挊彂乽搒巗偺暥壔乿丗儖僀僗丒儅儞僼僅乕僪丅,https://www.jstage.jst.go.jp/article/journalcpij/43.3/0/43.3_157/_article/-char/ja/,,,
"搒巗偺宨娤偺壙抣傪丄曕峴幰偵傛偭偰懱尡偝傟傞僔乕僋僄儞僗乮帇揰偺堏摦偵敽偭偰曄壔偡傞丄堦楢偺宨娤偺楢懕揑側揥奐乯偺拞偵尒偄偩偟丄変乆偑僔乕僋僄儞僗偵傛偭偰搒巗傪懆偊偰偄傞偙偲傪巜揈偟偨丅

挊彂乽搒巗偺宨仜仜乿丗僑仜仜丒僇仜仜",,挊彂乽搒巗偺宨娤乿丗僑乕僪儞丒僇儗儞,,,,
"僷僗傗儔儞僪儅乕僋摍丄搒巗偺僀儊乕僕傪宍惉偡傞屲偮偺梫慺傪拪弌丅

挊彂乽搒巗偺僀仜仜乿丗働仜仜丒儕仜仜丅",,挊彂乽搒巗偺僀儊乕僕乿丗働償傿儞丒儕儞僠丅,,,,
"搒巗嬻娫偵偍偗傞恖乆偺峴摦偑僣儕乕峔憿偱偼側偔丄暋嶨側僙儈儔僠僗峔憿偱偁傞偙偲傪帵偟偨丅

挊彂乽搒巗偼僣仜仜乿丗僋仜仜丒傾仜仜",,挊彂乽搒巗偼僣儕乕偱偼側偄乿丗僋儕僗僩僼傽乕丒傾儗僌僓儞僟乕,,,,
"椺偊偽乽彫崅偄曕摴乿傗乽抮偲彫愳乿側偳丄夣揔側娐嫬傪乽僷僞乕儞乿偲偟偰拪弌偟丄偦傟傪尵岅乮儔儞僎乕僕乯偲偟偰婰弎丒嫟桳偡傞曽朄傪峫埬偟偨

挊彂乽僷仜仜乿丗僋仜仜丒傾仜仜",,挊彂乽僷僞儞丒儔儞僎乕僕乿丗僋儕僗僩僼傽乕丒傾儗僌僓儞僟乕,,,,
"僨僓僀儞偲偄偆栤戣傪丄崌棟揑丄偐偮丄悢妛揑側棟榑傪梡偄偰丄掕幃壔偟偰夝偔偙偲傪採埬偟偨丅

挊彂乽宍偺崌仜仜乿丗僋仜仜丒傾仜仜",,挊彂乽宍偺崌惉偵娭偡傞僲乕僩乿丗僋儕僗僩僼傽乕丒傾儗僌僓儞僟乕,,,,
"崅憌價儖偲峀戝側椢抧丄棫懱揑側岎捠栐傪慻傒崌傢偣偨婡擻揑側搒巗傪採埬丅

挊彂乽儐儖仜仜乿丗儖丒僐仜仜",,挊彂乽儐儖僶僯僗儉-柧擔偺搒巗乿丗儖丒僐儖價儏僕僃,儐儖僶儕僗儉偼塸岅偱偼傾乕僶僯僘儉(urbanism)丄偮傑傝搒巗(urban)偺偙偲偱偁傝丄捠忢偼搒巗寁夋慡斒傪巜偡丅,,,
"搒巗恖岥丒屬梡丒惗妶摍偺挷嵏暘愅偵婎偯偔壢妛揑側搒巗寁夋偺尋媶丅

挊彂乽恑壔偡傞仜仜乿丗僷仜仜丒僎仜仜丅",,挊彂乽恑壔偡傞搒巗乿丗僷僩儕僢僋丒僎僨僗丅,,,,
"摴楬偺抜奒峔惉丅

挊彂乽搒巗偺帺仜仜乿丗C丒僽仜仜丅",,挊彂乽搒巗偺帺摦幵岎捠乿丗C丒僽僉儍僫儞丅,,,,
亂曐堢墍丒梒抰墍亃,,亂曐堢墍丒梒抰墍亃,,,,
岤惗楯摥徣丄摥偔曐岇幰偵戙傢偭偰曐堢丄仜仜帣乣仜仜帣丄1擔仜仜帪娫掱搙,曐,曐堢墍丗岤惗楯摥徣丄摥偔曐岇幰偵戙傢偭偰曐堢丄擕帣乣梒帣丄1擔8帪娫掱搙,,,,
暥晹壢妛徣丄彫妛峑擖妛慜偺幮夛孭楙丄仜仜乣仜仜嵨丄1擔仜仜帪娫掱搙,梒,梒抰墍丗暥晹壢妛徣丄彫妛峑擖妛慜偺幮夛孭楙丄3乣5嵨丄1擔4帪娫掱搙,,,,
仭曐堢強偺彅幒梫審,,仭曐堢強偺彅幒梫審,,,,
傎傆偔幒丗仜仜乣仜仜嵨偺僴僀僴僀幒丂仜仜m2/恖埲忋乮仜仜忯/恖乯,,傎傆偔幒丗0乣1嵨乮擕帣乯偺僴僀僴僀幒丂3.3m2/恖埲忋乮2忯/恖乯,,,,
擕帣幒丗仜仜乣仜仜嵨偺儀價乕儀僢僪幒丂仜仜m2/恖埲忋乮仜仜忯/恖乯,,"擕帣幒丗0,1嵨乮擕帣乯偺儀價乕儀僢僪幒丂1.65m2/恖埲忋乮1忯/恖乯",,,,
曐堢幒丗仜仜嵨埲忋乮梒帣乯偺幒丂仜仜m2/恖埲忋乮仜仜忯/恖乯,,曐堢幒丗2嵨埲忋乮梒帣乯偺幒丂1.98m2/恖埲忋乮1.2忯/恖乯,,,,
1恖摉偨傝偺彴柺愊偼丄尨懃丄仜仜擭楊帣偺曽偑戝偒偄,,1恖摉偨傝偺彴柺愊偼丄尨懃丄掅擭楊帣偺曽偑戝偒偄,,,,
擕帣梡幒偲梒帣梡幒偼寭梡偡傞偺偼仜仜,,擕帣梡幒偲梒帣梡幒偼寭梡偡傞偺偼NG,,,,
"梒帣梡偺僩僀儗丗
曐堢幒偵嬤偔攝抲偡傞丅乮梒帣偺僩僀儗偼嫵堢偺懳徾偺偨傔乯丅
斷偼戝恖偑尒庣傟傞崅偝仜仜乣仜仜cm掱搙偲偟偰丄僇仜仜偼偮偗側偄丅",,"梒帣梡偺僩僀儗丗
曐堢幒偵嬤偔攝抲偡傞丅乮梒帣偺僩僀儗偼嫵堢偺懳徾偺偨傔乯丅
斷偼戝恖偑尒庣傟傞崅偝100乣120cm掱搙偲偟偰丄僇僊偼偮偗側偄丅",,,,
仭彫妛峑丒拞妛峑偺寁夋,,仭彫妛峑丒拞妛峑偺寁夋,,,,
"丒攝抲寁夋偺尨懃
撿懁仜仜丄杒懁仜仜丄嵍懁仜仜
仸嵟嬤偼丄曅楲壓宆丄僼傿儞僈乕宆丄僋儔僗僞乕宆傕憹偊偰偄傞",,"丒攝抲寁夋偺尨懃
撿懁嫵幒丄杒懁楲壓丄嵍懁嵦岝
仸嵟嬤偼丄曅楲壓宆丄僼傿儞僈乕宆丄僋儔僗僞乕宆傕憹偊偰偄傞",,,,
仭彫妛峑丄拞妛峑偺塣塩曽幃,,仭彫妛峑丄拞妛峑偺塣塩曽幃,,,,
僋儔僗儖乕儉偱戝晹暘偺妛廗丒惗妶傪峴偆曽幃丅彫妛峑掅妛擭岦偒丅,摑,摑崌嫵幒宆,,,,
晛捠嫵壢偼僋儔僗儖乕儉偱峴偄丄棟壢丒恾岺摍偼摿暿嫵幒偱峴偆曽幃丅彫妛峑崅妛擭乣拞妛峑岦偒丅,摿,摿暿嫵幒宆,,,,
奺嫵壢偑愱梡偺嫵幒傪帩偪丄惗搆偑帪娫妱偵廬偭偰嫵幒傪堏摦偡傞曽幃丅拞妛峑乣崅峑岦偒丅,嫵,嫵壢嫵幒宆,,,,
嫵壢嫵幒傪宯楍偛偲乮恖暥丒棟悢側偳乯偵傑偲傔丄嫵壢嫵幒宆塣塩傪峴偆曽幃丅,宯,宯楍嫵壢嫵幒宆,,,,
妛擭偛偲偵嫵壢嫵幒偺傑偲傑傝傪嶌偭偰丄嫵壢嫵幒宆塣塩傪峴偆曽幃丅,妛,妛擭撪嫵壢嫵幒宆,,,,
"嫵幒偺棙梡棪
仜仜嫵幒宆亙仜仜嫵幒宆",,"嫵幒偺棙梡棪
摿暿嫵幒宆亙嫵壢嫵幒宆",仸摿暿嫵幒宆偼丄椺偊偽2擭1慻偑壒妝幒偵峴偭偰偄傞帪娫偼僋儔僗儖乕儉傪棙梡偟偰偄側偄偺偱丄嫵幒偺棙梡棪偑壓偑傝傑偡丅,,,
仭彫妛峑丄拞妛峑偺奺晹寁夋,,仭彫妛峑丄拞妛峑偺奺晹寁夋,,,,
"晛捠嫵幒
丒仜仜m2/恖掱搙昁梫丅
丒婘偲婘偺慜屻娫妘仜仜cm丅",,"晛捠嫵幒
丒1.6m2/恖掱搙昁梫丅
丒婘偲婘偺慜屻娫妘85cm丅",,,,
"摿暿嫵幒
丒彫妛峑偱偼丄仜仜妛擭懁偵攝抲乮崅妛擭偺曽偑棙梡棪偑崅偄偨傔乯",,"摿暿嫵幒
丒彫妛峑偱偼丄崅妛擭懁偵攝抲乮崅妛擭偺曽偑棙梡棪偑崅偄偨傔乯",,,,
"懱堢娰丒島摪
丒仜仜婡擻傪桪愭偡傞乮棙梡昿搙傪峫偊乯
丒抧堟偵奐曻偡傞応崌偼丄仜仜偵嬤偄強偵攝抲",,"懱堢娰丒島摪
丒懱堢娰婡擻傪桪愭偡傞乮棙梡昿搙傪峫偊乯
丒抧堟偵奐曻偡傞応崌偼丄擖岥偵嬤偄強偵攝抲",,,,
"娗棟彅幒
丒妛擭偛偲偱嫵仜仜摍偑偁傞応崌傕丅",,"娗棟彅幒
丒妛擭偛偲偱嫵巘僐乕僫乕摍偑偁傞応崌傕丅",,,,
"楲壓
丒曅楲壓暆丗仜仜m埲忋
丒拞楲壓暆丗仜仜m埲忋",,"楲壓
丒曅楲壓暆丗1.8m埲忋
丒拞楲壓暆丗2.3m埲忋",,,,
"奒抜
丒偗偁偘仜仜cm(彫妛)/仜仜cm(拞妛)埲壓
丒摜柺仜仜cm埲忋
丒梮傝応暆仜仜cm埲忋",,"奒抜
丒偗偁偘16cm(彫妛)/18cm(拞妛)埲壓
丒摜柺26cm埲忋
丒梮傝応暆140cm埲忋",,,,
亂崅楊幰巤愝亃,,亂崅楊幰巤愝亃,,,,
仭夘岇曐尟3巤愝乮夘岇曐尟偺乽巤愝僒乕價僗乿偑揔梡偝傟傞巤愝乯乽擖強乿崅楊幰巤愝,,仭夘岇曐尟3巤愝乮夘岇曐尟偺乽巤愝僒乕價僗乿偑揔梡偝傟傞巤愝乯乽擖強乿崅楊幰巤愝,,,,
嘆擖強巤愝丅忢帪夘岇丅仜仜m2/恖,摿,摿暿梴岇榁恖儂乕儉乮摿梴乯丄10.65m2/恖,,,,
嘇擖強巤愝丅帺棫偟偨惗妶偵暅婣丅仜仜m2/恖乮4恖埲壓懡彴幒乯丄仜仜m2/恖乮屄幒乯,夘,夘岇榁恖曐寬巤愝乮榁寬乯丄8m2/恖乮4恖埲壓懡彴幒乯丄10.65m2/恖乮屄幒乯,,,,
嘊擖強巤愝丅挿婜椕梴/挿婜擖堾丅忢帪堛妛揑娗棟丅,夘,夘岇堛椕堾乮榁恖昦堾乯,,,,
仭偦偺懠偺乽擖強乿偺崅楊幰巤愝,,仭偦偺懠偺乽擖強乿偺崅楊幰巤愝,,,,
嘆擖強巤愝丅柉娫巤愝丅崅妟丅,桳,桳椏榁恖儂乕儉,,,,
嘇擖強巤愝丅岞揑巤愝乮抧曽岞嫟抍懱傗幮夛暉巸朄恖乯丅掅妟丅壠懓偵傛傞墖彆傪庴偗傞帠偑崲擄丅,寉,寉旓榁恖儂乕儉乮働傾僴僂僗乯,,,,
嘊擖強巤愝丅怘帠偺巟搙丒憒彍愻戵側偳傪夘岇幰偲嫟摨偱峴偆丅5恖埲忋9恖埲壓偺彫僌儖乕僾偱惗妶丅,擣,擣抦徢崅楊幰僌儖乕僾儂乕儉,,,,
嘋悢擔娫擖強巤愝丅壠懓晧扴寉尭丅,抁,抁婜擖強惗妶夘岇巤愝乮僔儑乕僩僗僥僀巤愝乯,,,,
仭偦偺懠偺乽捠強乿偺崅楊幰巤愝,,仭偦偺懠偺乽捠強乿偺崅楊幰巤愝,,,,
嘆捠強巤愝丅夘岇乮擖梺丒攔煏丒怘帠乯傪採嫙偡傞巤愝丅惗妶偵娭偡傞憡択丅,榁,榁恖僨僀僒乕價僗僙儞僞乕,,,,
嘇捠強巤愝丅奺庬憡択丄儗僋儕僄乕僔儑儞摍傪採嫙偡傞巤愝,榁,榁恖暉巸僙儞僞乕丒榁恖宔偄偺壠,,,,
仭偦偺懠偺崅楊幰巤愝,,仭偦偺懠偺崅楊幰巤愝,,,,
嘆柉娫捓戄儅儞僔儑儞丅僒乕價僗偲偼埨斲妋擣丄嬞媫帪偺懳墳丄惗妶憡択側偳丅,僒,僒乕價僗晅偒崅楊幰岦偗廧戭,"仸乽僒乕價僗晅偒崅楊幰岦偗廧戭乿偲乽桳椏榁恖儂乕儉乿偲偺惂搙偺娭學

僒乕價僗晅偒崅楊幰岦偗廧戭偵偍偄偰丄昁恵偺尒庣傝僒乕價僗偺懠偵丄榁恖暉巸朄偵婎偯偔桳椏榁恖儂乕儉偺梫審偵側偭偰偄傞乽嘆怘帠偺採嫙乿乽嘇夘岇偺採嫙乿乽嘊壠帠偺嫙梌乿乽嘋寬峃娗棟偺嫙梌乿偺偄偢傟偐傪幚巤偟偰偄傞応崌丄偦偺僒乕價僗晅偒崅楊幰岦偗廧戭偼丄桳椏榁恖儂乕儉偵奩摉偟傑偡丅",,,
嘇岞揑捓戄儅儞僔儑儞乮抧曽岞嫟抍懱丄搒巗嵞惗婡峔側偳乯丅LSA乮儔僀僼僒億乕僩傾僪僶僀僓乕乯偵傛傝僒乕價僗偑採嫙偝傟傞丅僒乕價僗偼僒崅廧偲摨偠撪梕丅,僔,僔儖僶乕僴僂僕儞僌,,,,
仭偦偺懠丂崅楊幰巤愝偺億僀儞僩,,仭偦偺懠丂崅楊幰巤愝偺億僀儞僩,,,,
"儐僯僢僩働傾
嘆屄幒壔
嘇嫟摨惗妶幒乵嫃娫乮僨僀儖乕儉乯寭怘摪乶
嘊10恖埲壓偺彮恖悢僌儖乕僾壔偵傛傞丄壠掚揑側娐嫬偺幚尰",,"儐僯僢僩働傾
嘆屄幒壔
嘇嫟摨惗妶幒乵嫃娫乮僨僀儖乕儉乯寭怘摪乶
嘊10恖埲壓偺彮恖悢僌儖乕僾壔偵傛傞丄壠掚揑側娐嫬偺幚尰",,,,
亂堛椕巤愝亃,,亂堛椕巤愝亃,,,,
"堛椕巤愝偺暘椶
丒恌椕強丗儀僢僪悢仜仜埲壓
丒昦堾丗儀僢僪悢仜仜埲忋仜仜枹枮
丒憤崌昦堾丗儀僢僪悢仜仜埲忋",,"恌椕強丗儀僢僪悢19埲壓
昦堾丗儀僢僪悢20埲忋100枹枮
憤崌昦堾丗儀僢僪悢100埲忋",,,,
"昦搹偺儀僢僪/僠乕儉攝暘
丒堦斒乮奜壢丒撪壢乯丗仜仜乣仜仜儀僢僪/僠乕儉
丒嶻壢丒彫帣壢丗仜仜儀僢僪/僠乕儉",,"昦搹偺儀僢僪/僠乕儉攝暘
堦斒乮奜壢丒撪壢乯丗40乣50儀僢僪/僠乕儉
嶻壢丒彫帣壢丗30儀僢僪/僠乕儉",,,,
"昦幒偺戝偒偝
丒儀僢僪娫妘750mm丗仜仜m2/恖
丒儀僢僪娫妘1000mm丗仜仜m2/恖
丒昦堾偺彫帣昦幒丗仜仜m2/恖亊仜仜/3乮佮仜仜噓/恖乯
丒ICU丗仜仜乣仜仜m2/幒",,"昦幒偺戝偒偝
丒儀僢僪娫妘750mm丗6.4m2/恖
丒儀僢僪娫妘1000mm丗8m2/恖
丒昦堾偺彫帣昦幒丗6.4m2/恖亊仜仜/3乮佮4.3噓/恖乯
丒ICU丗40乣50m2/幒",,,,
仭偦偺懠丂昦堾偺億僀儞僩,,仭偦偺懠丂昦堾偺億僀儞僩,,,,
昦幒偺弌擖傝岥偺暆丗仜仜乣仜仜cm掱搙乮儀僢僪偺墌妸側堏摦傪峫椂丅乯,,昦幒偺弌擖傝岥偺暆丗120乣150cm掱搙乮儀僢僪偺墌妸側堏摦傪峫椂丅乯,,,,
ICU乮僀仜仜 働仜仜 儐仜仜丗廤仜仜幒乯丗廳徢姵幰偵仜仜婜娫丄仜仜揑偵帯椕丒娕岇傪峴偆丅嫃廧惈偼仜仜丅,,ICU乮僀儞僥儞僔僽 働傾 儐僯僢僩丗廤拞帯椕幒乯丗廳徢姵幰偵抁婜娫丄廤拞揑偵帯椕丒娕岇傪峴偆丅嫃廧惈偼晄梫丅,,,,
ADL孭楙幒 乮傾仜仜 of 僨仜仜 儕仜仜乯丗儕仜仜姵幰岦偗偵丄幚嵺偺仜仜乮仜仜丄仜仜丄仜仜摍乯傪梡堄偟偨傕偺丅,,丒ADL孭楙幒 乮傾僋僥傿價僥傿 of 僨僀儕乕 儕價儞僌乯丗儕僴價儕姵幰岦偗偵丄幚嵺偺廧戭乮怮幒丄梺幒丄戜強摍乯傪梡堄偟偨傕偺丅,,,,
"X慄嶣塭幒
丒僐儞僋儕乕僩仜仜暻
丒揝偺仜仜僪傾
丒偺偧偒僈儔僗偼仜仜僈儔僗",,"X慄嶣塭幒
丒僐儞僋儕乕僩杊岇暻
丒揝偺杊岇僪傾
丒偺偧偒僈儔僗偼墧僈儔僗",,,,
"MRI幒
丒仜仜僔乕儖僪偑昁梫",,"MRI幒
丒帴婥僔乕儖僪偑昁梫",,,,
"昦堾偺晹栧偺墑傋柺愊偵懳偡傞柺愊妱崌
丒昦搹晹栧丗仜仜亾掱搙
丒奜棃晹栧丗仜仜乣仜仜亾掱搙
丒揹婥幒丒婡夿幒丗仜仜亾掱搙
仸偦偺懠偵恌椕晹栧丄嫙媼晹栧乮SPD乯丄娗棟晹栧側偳偑偁傞丅",,"昦堾偺晹栧偺墑傋柺愊偵懳偡傞柺愊妱崌
丒昦搹晹栧丗40亾掱搙
丒奜棃晹栧丗10乣15亾掱搙
丒揹婥幒丒婡夿幒丗10亾掱搙
仸偦偺懠偵恌椕晹栧丄嫙媼晹栧乮SPD乯丄娗棟晹栧側偳偑偁傞丅",,,,
"昦堾偺晹栧峔惉
丒奜棃晹佁仜仜晹佁昦搹晹
偺峔惉偑岠棪偑傛偄丅",,"昦堾偺晹栧峔惉
丒奜棃晹佁恌椕晹佁昦搹晹
偺峔惉偑岠棪偑傛偄丅",,,,
"昦堾撪偺巊梡偡傞暔昳偺堦尦娗棟傪峴偆丅
嫙媼晹栧偺柺愊岠棪偑崅偔偱偒傞丅",嫙,嫙媼晹栧乮SPD丗僒僾儔僀僾儘僙僢僔儞僌僨傿僗僩儕價儏乕僔儑儞丗暔昳娗棟僙儞僞乕乯偺栶妱,,,,
"昦堾偺宍懺
丒昦搹晹栧埲奜偺晹栧傪掅憌偵傑偲傔偰丄偦偺忋偵昦搹晹栧傪愊傒忋偘偨傕偺丅
丒婡夿偵傛傞奺晹栧傊偺暔昳斃憲乮婥憲娗丄僩儗僀斃憲側偳乯偑梕堈偵側傞丅",婎,婎抎宆,,,,
"昦堾偺宍懺
丒庡摦慄幉偐傜晹栧偛偲偵梼傪弌偟偨傕偺丅
丒憹夵抸偵懳墳偟傗偡偄丅",懡,懡梼宆,,,,
亂恾彂娰亃,,亂恾彂娰亃,,,,
"岞嫟恾彂娰偺暘椶
丒拞仜仜恾彂娰丗暵壦彂屔偑拞怱
丒抧仜仜恾彂娰乮暘娰乯丗奐壦彂屔偑拞怱",,"岞嫟恾彂娰偺暘椶
丒拞墰恾彂娰丗暵壦彂屔偑拞怱
丒抧堟恾彂娰乮暘娰乯丗奐壦彂屔偑拞怱",,,,
BDS偲偼丗僽仜仜僨仜仜僔僗僥儉,,BDS丗僽僢僋僨傿僥僋僔儑儞僔僗僥儉乮杮傪彑庤偵帩偪弌偟偨傜柭傞搝乯,,,,
"恾彂娰偺弌擺曽幃
丒帺仜仜幃丗暘娰丄彫婯柾恾彂娰偵懡偄
丒埨仜仜幃丗墈棗幰偑彂屔偐傜慖傇
丒敿仜仜幃丗僈儔僗挘傝彂屔偐傜慖傫偱丄學堳偵弌偟偰傕傜偆
丒暵仜仜幃丗戝婯柾恾彂娰乮崙棫崙夛恾彂娰偲偐乯",,"恾彂娰偺弌擺曽幃
丒帺桼奐壦幃丗暘娰丄彫婯柾恾彂娰偵懡偄
丒埨慡奐壦幃丗墈棗幰偑彂屔偐傜慖傇
丒敿奐壦幃丗僈儔僗挘傝彂屔偐傜慖傫偱丄學堳偵弌偟偰傕傜偆
丒暵壦幃丗戝婯柾恾彂娰乮崙棫崙夛恾彂娰偲偐乯",,,,
"廂憼検
丒奐壦彂屔丗栺仜仜嶜/m2
丒堏摦幃彂屔丗栺仜仜嶜/m2",,"廂憼検
丒奐壦彂屔丗栺170嶜/m2
丒堏摦幃彂屔丗栺400嶜/m2",,,,
"廂憼検
丒抧堟恾彂娰偺墑傋柺愊摉偨傝偺憼彂悢丗栺仜仜嶜/m2",,"廂憼検
丒抧堟恾彂娰偺墑傋柺愊摉偨傝偺憼彂悢丗栺50嶜/m2",,,,
仭偦偺懠丂恾彂娰偺寁夋億僀儞僩,,仭偦偺懠丂恾彂娰偺寁夋億僀儞僩,,,,
堦斒墈棗幒,,堦斒墈棗幒,,,,
帣摱墈棗幒,,帣摱墈棗幒,,,,
戄弌丒曉媝 僇僂儞僞乕,,戄弌丒曉媝 僇僂儞僞乕,,,,
儗僼傽儗儞僗儖乕儉丗棙梡幰偑妛廗丄挷嵏丄尋媶偡傞偨傔偺帒椏偲婡婍傪旛偊丄偦傟傪墖彆偡傞怑堳偑攝抲偝傟傞幒丅,,儗僼傽儗儞僗儖乕儉丗棙梡幰偑妛廗丄挷嵏丄尋媶偡傞偨傔偺帒椏偲婡婍傪旛偊丄偦傟傪墖彆偡傞怑堳偑攝抲偝傟傞幒丅,,,,
僽儔僂僕儞僌僐乕僫乕丗怴暦傗嶨帍側偳婘傪昁梫偲偟側偄寉撉彂偺偨傔偺幒,,僽儔僂僕儞僌僐乕僫乕丗怴暦傗嶨帍側偳婘傪昁梫偲偟側偄寉撉彂偺偨傔偺幒,,,,
亂旤弍娰丄攷暔娰亃,,亂旤弍娰丄攷暔娰亃,,,,
仭旤弍娰丄攷暔娰偺暯柺寁夋,,仭旤弍娰丄攷暔娰偺暯柺寁夋,,,,
媡栠傝丄岎嵎偑柍偄傛偆偵寁夋偡傞丅堦曽捠峴偺揥帵宍幃丅,楢,楢懕幃,,,,
拞怱偺儂乕儖偵丄暋悢揥帵幒偑偮側偑傞宍幃,峀,峀娫幃,,,,
楲壓偵傛偭偰奺揥帵幒傪寢傫偩宍幃丅楲壓偼夞楲偱拞掚偑偁傞偙偲傕懡偄,僊,僊儍儔儕乕僐儕僪乕儖幃,,,,
"攷暔娰偺晹栧暿昗弨柺愊
丒揥帵丒嫵堢妶摦娭學丗仜仜%掱搙
丒曐娗丒尋媶娭學丗仜仜%掱搙
丒娗棟偦偺懠丗仜仜%掱搙",,"攷暔娰偺晹栧暿昗弨柺愊
丒揥帵丒嫵堢妶摦娭學丗42.5%掱搙
丒曐娗丒尋媶娭學丗42.5%掱搙
丒娗棟偦偺懠丗15%掱搙",,,,
"揥帵幒偺徠搙
丒梞夋丗仜仜lx掱搙
丒擔杮夋丗仜仜lx掱搙",,"揥帵幒偺徠搙
丒梞夋丗500lx掱搙
丒擔杮夋丗200lx掱搙",,,,
"揥帵幒偺徠柧
丒崅仜仜惈偺徠柧傪棙梡偡傞丅
丒揥帵暔偲幒慡懱偺婸搙斾丗仜仜丗仜仜掱搙偵偡傞丅",,"揥帵幒偺徠柧
丒崅墘怓惈偺徠柧傪棙梡偡傞丅
丒揥帵暔偲幒慡懱偺婸搙斾丗10丗1掱搙偵偡傞丅",,,,
揥帵幒偺僈儔僗働乕僗丗柍怓偺崅仜仜僈儔僗偲偡傞丅,,揥帵幒偺僈儔僗働乕僗丗柍怓偺崅摟夁僈儔僗偲偡傞丅,,,,
旤弍娰偺奊夋偺帇嫍棧丗懳仜仜慄偺仜仜乣仜仜攞丅,,旤弍娰偺奊夋偺帇嫍棧丗懳妏慄偺1.0乣1.5攞丅,,,,
"旤弍娰偺廂憼屔
丒壏幖搙挷惍偺偨傔丄奜懁偺嬰懱偲偼暿偵仜仜憿偺仜仜暻傪愝偗擇廳暻峔憿偵偟丄偦偺拞娫憌傪嬻挷偡傞丅",,"旤弍娰偺廂憼屔
丒壏幖搙挷惍偺偨傔丄奜懁偺嬰懱偲偼暿偵栘憿偺撪暻傪愝偗擇廳暻峔憿偵偟丄偦偺拞娫憌傪嬻挷偡傞丅",,,,
"鄮忲幒偺攝抲
丒鄮忲幒偼丄壸仜仜幒偍傛傃廂仜仜屔偺嬤偔偵攝抲偡傞丅",,"鄮忲幒偺攝抲
丒鄮忲幒偼丄壸夝偒幒偍傛傃廂憼屔偺嬤偔偵攝抲偡傞丅",,,,
亂懱堢娰亃,,亂懱堢娰亃,,,,
"懱堢娰偺峀偝
丒峀偝丗W仜仜m xD仜仜m丅乮僶僗働僢僩儃乕儖2柺偑婎弨乯
丒崅偝丗仜仜m 埲忋丅僶儗乕儃乕儖僐乕僩偑婎弨",,"懱堢娰偺峀偝
丒峀偝丗W41m xD34m丅乮僶僗働僢僩儃乕儖2柺偑婎弨乯
丒崅偝丗12.5m 埲忋丅僶儗乕儃乕儖僐乕僩偑婎弨",僥僯僗僐乕僩偺崅偝偼12m丅,,,
"晲摴娰偺峀偝
丒仜仜mx仜仜m丅廮摴偑8娫(仜仜m妏乯昁梫側偺偱丅",,"晲摴娰偺峀偝
丒15mx15m丅廮摴偑8娫(14.56m妏乯昁梫側偺偱丅",,,,
"壆奜嫞媄応偺曽埵
丒挿幉傪仜仜曽岦",,"壆奜嫞媄応偺曽埵
丒挿幉傪撿杒曽岦",懢梲崅搙偺掅偄搶惣曽岦偺懢梲岝偑傑傇偟偔側偄傛偆偵,,,
"懱堢娰偺曽埵
丒挿幉傪仜仜曽岦",,"懱堢娰偺曽埵
丒挿幉傪搶惣曽岦",暻偑偁傞偺偱懢梲岝偼塭嬁側偟丅嵦岝傗捠晽傪峫椂偟丄搶惣曽岦偑懡偄,,,
亂帠柋強亃,,亂帠柋強亃,,,,
"帠柋強偺庬椶
丒愱仜仜強丗扨撈婇嬈偱棙梡
丒弨仜仜強丗悢幮偺婇嬈乮僌儖乕僾婇嬈側偳乯偑廤傑偭偰丄娗棟塣塩丅
丒戄仜仜強丗庡梫晹暘傪捓戄丅
丒弨仜仜強丗庡梫晹暘傪帺屓愱梡丅巆傝傪捓戄丅",,"帠柋強偺庬椶
丒愱梡帠柋強丗扨撈婇嬈偱棙梡
丒弨愱梡帠柋強丗悢幮偺婇嬈乮僌儖乕僾婇嬈側偳乯偑廤傑偭偰丄娗棟塣塩丅
丒戄帠柋強丗庡梫晹暘傪捓戄丅
丒弨戄帠柋強丗庡梫晹暘傪帺屓愱梡丅巆傝傪捓戄丅",,,,
仭僐傾僾儔儞偺庬椶,,仭僐傾僾儔儞偺庬椶,,,,
僙仜仜丗柺愊偑戝偒偄乮仜仜乣仜仜m2乯応崌偵揔偡傞丅儗儞僞僽儖斾偑崅偄丅崅憌梡丅,,僙儞僞乕僐傾丗柺愊偑戝偒偄乮1500乣4000m2乯応崌偵揔偡傞丅儗儞僞僽儖斾偑崅偄丅崅憌梡丅,,,,
曃仜仜丗柺愊偑彫偝偄(仜仜乣仜仜m2)応崌偵揔偡傞丅掅憌丒拞憌梡丅,,曃怱僐傾丗柺愊偑彫偝偄(500乣2000m2)応崌偵揔偡傞丅掅憌丒拞憌梡丅,,,,
僟仜仜丗擇曽岦旔擄偑柧妋丅拞憌丒崅憌梡丅,,僟僽儖僐傾丗擇曽岦旔擄偑柧妋丅拞憌丒崅憌梡丅,,,,
暘仜仜丗偁傫傑傝傒側偄丅僐傾傪帠柋強偐傜撈棫丅拞憌丒崅憌梡丅,,暘棧僐傾丗偁傫傑傝傒側偄丅僐傾傪帠柋強偐傜撈棫丅拞憌丒崅憌梡丅,椺乯儘僀僘丒僆僽丒儘儞僪儞,,,
"帠柋強偺嵦岝寁夋
丒曅懁嵦岝偺帠柋幒偺墱峴丗嵟戝仜仜m
丒椉懁嵦岝偺帠柋幒偺墱峴丗嵟戝仜仜m",,"帠柋強偺嵦岝寁夋
丒曅懁嵦岝偺帠柋幒偺墱峴丗嵟戝14m
丒椉懁嵦岝偺帠柋幒偺墱峴丗嵟戝28m",,,,
"儗儞僞僽儖斾
丒寶抸暔慡懱偺儗儞僞僽儖斾丗仜仜亾掱搙
丒婎弨奒偺儗儞僞僽儖斾丗仜仜亾掱搙",,"儗儞僞僽儖斾
丒寶抸暔慡懱偺儗儞僞僽儖斾丗70亾掱搙
丒婎弨奒偺儗儞僞僽儖斾丗80亾掱搙",,,,
帠柋強價儖偺揤堜儌僕儏乕儖丗仜仜m乣仜仜m偑懡偄丅,,帠柋強價儖偺揤堜儌僕儏乕儖丗3.0m乣3.6m偑懡偄丅,僔僗僥儉揤堜偺僌儕僢僪偑600mm妏偩偐傜丅僗僾儕儞僋儔乕偺攝抲側偳傕娷傔丅偁偲婘偺攝抲寁夋乮徠柧偺壓偵僨僗僋傪抲偒偨偄乯偲偐傕丅,,,
帠柋強偺1恖摉偨傝偺彴柺愊丗仜仜m2/擟掱搙丅,,帠柋強偺1恖摉偨傝偺彴柺愊丗10m2/恖掱搙丅,,,,
夛媍幒偺1恖摉偨傝偺彴柺愊丗仜仜m2/恖乣仜仜m2/恖掱搙丅,,夛媍幒偺彴柺愊丗2.0m2/恖乣3.0m2/恖掱搙丅,,,,
帠柋強偺僐儞僙儞僩揹尮梕検丗仜仜乣仜仜VA/m2掱搙丅,,帠柋強偺僐儞僙儞僩揹尮梕検丗30乣50VA/m2掱搙丅,,,,
"帠柋強偺僩僀儗偺悢
丒抝巕戝曋婍丗仜仜恖偵1屄埲忋
丒抝巕彫曋婍丗仜仜恖偵1屄埲忋
丒彈巕戝曋婍丗仜仜恖偵1屄埲忋",,"帠柋強偺僩僀儗偺悢
丒抝巕戝曋婍丗60恖偵1屄埲忋
丒抝巕彫曋婍丗30恖偵1屄埲忋
丒彈巕戝曋婍丗20恖偵1屄埲忋",帠柋強塹惗婎弨婯懃戞17忦偵傛傞,,,
帠柋強偺1擔摉偨傝偺偛傒攔弌検丗仜仜kg/m2丅偆偪巻椶偑仜仜/3傪愯傔傞丅,,帠柋強偺1擔摉偨傝偺偛傒攔弌検丗0.05kg/m2丅偆偪巻椶偑2/3傪愯傔傞丅,,,,
"帠柋強偺僄儗儀乕僞乕寁夋
丒僺乕僋帪偺仜仜暘娫偺棙梡恖悢偱寁夋丅",,"帠柋強偺僄儗儀乕僞乕寁夋
丒僺乕僋帪偺5暘娫偺棙梡恖悢偱寁夋丅",,,,
"EV僺乕僋帪偺棙梡棪
丒暋悢僥僫儞僩戄偟價儖丗仜仜%掱搙
丒帺幮價儖丗仜仜%掱搙",,"EV僺乕僋帪偺棙梡棪
丒暋悢僥僫儞僩戄偟價儖丗15%掱搙
丒帺幮價儖丗25%掱搙",帺幮價儖偩偲丄巒嬈帪娫偑摨偠側偺偱丄棙梡棪偑崅偔側傞,,,
帠柋強價儖偺僄儗儀乕僞乕戜悢偺奣嶼丗仜仜乣仜仜恖摉偨傝偵1戜,,帠柋強價儖偺僄儗儀乕僞乕戜悢偺奣嶼丗200乣300恖摉偨傝偵1戜,,,,
僄儗儀乕僞乕孮偺僒乕價僗僼儘傾悢丗堦斒偵仜仜奒埲壓偲偡傞丅僶儞僋暘偗偡傞丅,,僄儗儀乕僞乕孮偺僒乕價僗僼儘傾悢丗堦斒偵15奒埲壓偲偡傞丅僶儞僋暘偗偡傞丅,,,,
"僄儗儀乕僞乕儂乕儖偺暆
丒1僶儞僋偺懳柺幃丗仜仜m乣仜仜m",,"僄儗儀乕僞乕儂乕儖偺暆
丒1僶儞僋偺懳柺幃丗3.5m乣4.5m",仸傕偆偪傚偄挷傋傞,,,
"婘偺攝抲丄攝楍曽幃
丒懳仜仜幃丗僨僗僋搰丅強梫柺愊偑嵟傕彫偝偄丅
丒暲仜仜幃乮摨岦幃乯丗懳岦幃偺仜仜乣仜仜攞昁梫丅嫵幒傒偨偄側搝丅僾儔僀僶僔乕傪妋曐偟傗偡偄丅
丒僗仜仜幃丗懗婘傪巊偄廲楍傪岎屳偵攝抲丅僐儈儏僯働乕僔儑儞偲僼儔僀僶僔乕偺憃曽傪昁梫偲偡傞嬈柋偵揔偡傞丅",,"婘偺攝抲丄攝楍曽幃
丒懳岦幃丗僨僗僋搰丅強梫柺愊偑嵟傕彫偝偄丅
丒暲峴幃乮摨岦幃乯丗懳岦幃偺1.2乣1.3攞昁梫丅嫵幒傒偨偄側搝丅僾儔僀僶僔乕傪妋曐偟傗偡偄丅
丒僗僞僢僋幃丗懗婘傪巊偄廲楍傪岎屳偵攝抲丅僐儈儏僯働乕僔儑儞偲僼儔僀僶僔乕偺憃曽傪昁梫偲偡傞嬈柋偵揔偡傞丅",,,,
杊嵭僙儞僞乕偺埵抲丗仜仜奒偺弌擖傝岥晅嬤丅偁傞偄偼偦偺捈忋丄捈壓奒偺揔愗側埵抲丅,,杊嵭僙儞僞乕偺埵抲丗旔擄奒偺弌擖傝岥晅嬤丅偁傞偄偼偦偺捈忋丄捈壓奒偺揔愗側埵抲丅,,,,
亂巗挕幧亃,,亂巗挕幧亃,,,,
"憢岥帠柋晹栧偺柺愊妱崌
丒墑傋柺愊偺栺仜仜亾",,"憢岥帠柋晹栧偺柺愊妱崌
丒墑傋柺愊偺栺10亾",,,,
"媍夛娭楢彅幒偺柺愊妱崌
丒墑傋柺愊偺栺仜仜亾",,"媍夛娭楢彅幒偺柺愊妱崌
丒墑傋柺愊偺栺10亾",,,,
亂寑応丒塮夋娰亃,,亂寑応丒塮夋娰亃,,,,
"寑応丒塮夋娰偺媞惾柺愊
丒1恖摉偨傝丗仜仜乣仜仜m2掱搙",,"寑応丒塮夋娰偺媞惾柺愊
丒1恖摉偨傝丗0.5乣0.7m2掱搙",,,,
寑応丒塮夋娰偺媞惾偺慜屻娫妘丗仜仜cm掱搙丅,,寑応丒塮夋娰偺媞惾偺慜屻娫妘丗100cm掱搙丅,,,,
寑応丒塮夋娰偺媞惾偺暆丗仜仜cm掱搙丅,,寑応丒塮夋娰偺媞惾偺暆丗50cm掱搙丅,,,,
仭晳戜偺宍幃,,仭晳戜偺宍幃,,,,
僾仜仜僗僥乕僕丗僾仜仜傾乕僠乮晳戜偲媞惾傪嬫愗傞妟墢乯偵傛偭偰媞惾偲晳戜偑柧妋偵暘棧偝傟偨傕偺丅壧晳婈寑応傗僆儁儔寑応側偳丅,,僾儘僙僯傾儉僗僥乕僕丗僾儘僙僯傾儉傾乕僠乮晳戜偲媞惾傪嬫愗傞妟墢乯偵傛偭偰媞惾偲晳戜偑柧妋偵暘棧偝傟偨傕偺丅,椺)壧晳婈寑応傗僆儁儔寑応側偳丅,,,
僆仜仜僗僥乕僕丗僾儘僙僯傾儉傾乕僠傪帩偨偢丄媞惾偑晳戜傪庢傝埻傓傛偆偵攝抲偝傟偨傕偺丅媞惾偲晳戜偺堦懱姶傪崅傔傞偙偲偑偱偒傞丅,,僆乕僾儞僗僥乕僕丗僾儘僙僯傾儉傾乕僠傪帩偨偢丄媞惾偑晳戜傪庢傝埻傓傛偆偵攝抲偝傟偨傕偺丅媞惾偲晳戜偺堦懱姶傪崅傔傞偙偲偑偱偒傞丅,椺乯僔僃僀僋僗僺傾寑応僌儘乕僽嵗,,,
傾仜仜僗僥乕僕丗媞惾偲晳戜傪壜摦幃偲偟丄墘栚偵墳偠偰媞惾偲晳戜偺娭學傪曄壔偱偒傞丅僾儘僙僯傾儉僗僥乕僕偵傕僆乕僾儞僗僥乕僕偵傕偱偒傞丅傾僟僾僞僽儖偼乽弴墳偱偒傞乿偲偄偆堄枴丅,,傾僟僾僞僽儖僗僥乕僕丗媞惾偲晳戜傪壜摦幃偲偟丄墘栚偵墳偠偰媞惾偲晳戜偺娭學傪曄壔偱偒傞丅僾儘僙僯傾儉僗僥乕僕偵傕僆乕僾儞僗僥乕僕偵傕偱偒傞丅傾僟僾僞僽儖偼乽弴墳偱偒傞乿偲偄偆堄枴丅,,,,
"僐儞僒乕僩儂乕儖偺宍幃
丒僔仜仜宆丗捈曽懱丅壒嬁柺偱埨掕丅僗僥乕僕偑墦偄惾偑偁傞丅
丒傾仜仜宆丗僗僥乕僕傪庢傝埻傓丅斀嬁偑暋嶨偱壒嬁挷惍偑擄偟偄丅僗僥乕僕偲媞惾偼嬤偔堦懱姶偑偁傞丅",,"僐儞僒乕僩儂乕儖偺宍幃
丒僔儏乕儃僢僋僗宆丗捈曽懱丅壒嬁柺偱埨掕丅僗僥乕僕偑墦偄惾偑偁傞丅
丒傾儕乕僫宆丗僗僥乕僕傪庢傝埻傓丅斀嬁偑暋嶨偱壒嬁挷惍偑擄偟偄丅僗僥乕僕偲媞惾偼嬤偔堦懱姶偑偁傞丅",,,,
"晳戜偺忋庤丄壓庤
丒忋庤乮偐傒偰乯丗媞惾偐傜尒偰晳戜偺仜仜懁丅
丒壓庤乮偟傕偰乯丗媞惾偐傜尒偰晳戜偺仜仜懁丅",,"晳戜偺忋庤丄壓庤
丒忋庤乮偐傒偰乯丗媞惾偐傜尒偰晳戜偺塃懁丅
丒壓庤乮偟傕偰乯丗媞惾偐傜尒偰晳戜偺嵍懁",枱嵥摍偼丄壓庤僀儕丄忋庤僴働偑懡偄丅,,,
"寑応偺壜帇尷奅嫍棧
丒寑応偼帇妏搙仜仜搙乮晳戜拞怱偐傜仜仜搙乯丄塮夋娰偼帇妎搙仜仜搙乮拞怱偐傜仜仜搙乯
丒昞忣摍偑尒偊傞斖埻丗惗仜仜揑尷搙丗仜仜m
丒僙儕僼傪廳帇偟偨墘寑偺斖埻丗戞仜仜尷搙丗仜仜m
丒堦斒揑側恎怳傝庤怳傝偑尒偊傞斖埻丗戞仜仜尷搙丗仜仜m",,"寑応偺壜帇尷奅嫍棧
丒寑応偼帇妏搙120搙乮晳戜拞怱偐傜60搙乯丄塮夋娰偼帇妎搙60搙乮拞怱偐傜30搙乯
丒昞忣摍偑尒偊傞斖埻丗惗棟揑尷搙丗15m
丒僙儕僼傪廳帇偟偨墘寑偺斖埻丗戞堦師嫋梕尷搙丗22m
丒堦斒揑側恎怳傝庤怳傝偑尒偊傞斖埻丗戞擇師嫋梕尷搙丗38m",,,,
亂暔昳斕攧揦亃,,亂暔昳斕攧揦亃,,,,
仭暔昳斕攧揦偺億僀儞僩,,仭暔昳斕攧揦偺億僀儞僩,,,,
偍媞條偲揦堳偺摦慄暘棧丅愙摴偼晘抧偺仜仜柺埲忋偑摴楬偵愙偡傞偲暘棧偟傗偡偄,,偍媞條偲揦堳偺摦慄暘棧丅愙摴偼晘抧偺2柺埲忋偑摴楬偵愙偡傞偲暘棧偟傗偡偄,,,,
庤偵庢傝傗偡偄捖楍扞偺崅偝丗仜仜乣仜仜m掱搙丅,,庤偵庢傝傗偡偄捖楍扞偺崅偝丗0.7乣1.5m掱搙丅,,,,
"攧傝応柺愊斾棪
丒検斕揦丗墑傋柺愊偺仜仜%掱搙
丒昐壿揦丗墑傋柺愊偺仜仜%掱搙
丒僔儑僢僺儞僌僙儞僞乕丗妀揦曑仜仜%丄愱栧揦仜仜%",,"攧傝応柺愊斾棪
丒検斕揦丗墑傋柺愊偺65%掱搙
丒昐壿揦丗墑傋柺愊偺55%掱搙
丒僔儑僢僺儞僌僙儞僞乕丗妀揦曑50%丄愱栧揦25%",昐壿揦偺曽偑僶僢僋儎乕僪偑戝偒偄,,,
"攧傝応撪捠楬
丒庡捠楬暆丗仜仜m掱搙
丒暃捠楬暆丗仜仜m掱搙",,"攧傝応撪捠楬
丒庡捠楬暆丗2.7m掱搙
丒暃捠楬暆丗1.8m掱搙",,,,
亂堸怘揦亃,,亂堸怘揦亃,,,,
"悀朳偺柺愊
丒儗僗僩儔儞丗慡懱柺愊偺仜仜%掱搙
丒媔拑揦丗慡懱柺愊偺仜仜%掱搙",,"悀朳偺柺愊
丒儗僗僩儔儞丗慡懱柺愊偺30%掱搙
丒媔拑揦丗慡懱柺愊偺15%掱搙",,,,
亂儂僥儖亃,,亂儂僥儖亃,,,,
"儂僥儖偺媞幒晹暘妱崌
丒僔僥傿儂僥儖丗仜仜亾掱搙
丒價僕僱僗儂僥儖丗仜仜亾掱搙",,"儂僥儖偺媞幒晹暘妱崌
丒僔僥傿儂僥儖丗40亾掱搙
丒價僕僱僗儂僥儖丗70亾掱搙",僔僥傿儂僥儖偼墐夛応側偳媞幒晹暘埲奜偑戝偒偄,,,
"儂僥儖偺婎弨奒偵偍偗傞媞幒晹暘偺彴柺愊偺妱崌
丒僔僥傿儂僥儖丗仜仜%掱搙
丒價僕僱僗儂僥儖丗仜仜亾掱搙",,"儂僥儖偺婎弨奒偵偍偗傞媞幒晹暘偺彴柺愊偺妱崌
丒僔僥傿儂僥儖丗70%掱搙
丒價僕僱僗儂僥儖丗70亾掱搙",婎弨奒偼偳偪傜傕傎傏摨偠,,,
"媞幒堦幒偁偨傝偺墑彴柺愊
丒僔僥傿儂僥儖丗堦幒仜仜m2掱搙丅",,"媞幒堦幒偁偨傝偺墑彴柺愊
丒僔僥傿儂僥儖丗堦幒100m2掱搙丅",,,,
"儂僥儖偺媞幒1幒摉偨傝偺彴柺愊
丒僔儞僌儖儀僢僪儖乕儉丗仜仜乣仜仜m2乮嵟掅仜仜m2埲忋乯
丒僣僀儞儀僢僪儖乕儉丗仜仜乣仜仜m2",,"儂僥儖偺媞幒1幒摉偨傝偺彴柺愊
丒僔儞僌儖儀僢僪儖乕儉丗10乣20m2乮嵟掅9m2埲忋乯
丒僣僀儞儀僢僪儖乕儉丗20乣40m2",嵟掅婎弨偼椃娰嬈朄巤峴椷偵偰婯掕丅,,,
儂僥儖偺墐夛応偺彴柺愊丗1惾偁偨傝仜仜m2掱搙丅,,儂僥儖偺墐夛応偺彴柺愊丗1惾偁偨傝2m2掱搙丅,,,,
"儂僥儖偺媞幒偲僄儗儀乕僞乕戜悢
丒僔僥傿儂僥儖丗仜仜乣仜仜幒偵1戜丅僒乕價僗梡僄儗儀乕僞乕偼仜仜/3掱搙丅",,"儂僥儖偺媞幒偲僄儗儀乕僞乕戜悢
丒僔僥傿儂僥儖丗100乣200幒偵1戜丅僒乕價僗梡僄儗儀乕僞乕偼1/3掱搙丅",,仸價僕僱僗儂僥儖側偳傕挷傋傞丅,,
亂挀幵応亃,,亂挀幵応亃,,,,
"1戜摉偨傝偺挀幵僗儁乕僗丗暆仜仜m丄挿偝仜仜m掱搙
幵偄偡梡挀幵僗儁乕僗丗暆仜仜m丄挿偝仜仜m掱搙",,"1戜摉偨傝偺挀幵僗儁乕僗丗暆3m丄挿偝6m掱搙
幵偄偡梡挀幵僗儁乕僗丗暆3.5m丄挿偝6m掱搙",,,,
"挀幵曽幃偺庬椶
丒帺憱幃丗1戜摉偨傝仜仜m2掱搙丄昁梫
丒婡夿幃丗曽幃偵傛傞偑丄僗僇僀僷乕僉儞僌偼1婎仜仜戜偑尷搙",,"挀幵曽幃偺庬椶
丒帺憱幃丗1戜摉偨傝50m2掱搙丄昁梫
丒婡夿幃丗曽幃偵傛傞偑丄僗僇僀僷乕僉儞僌偼1婎30戜偑尷搙",,,,
仭挀幵応朄偺婎弨,,仭挀幵応朄偺婎弨,,,,
幵楬暆堳丗曅懁捠峴仜仜m埲忋丄椉懁捠峴仜仜m埲忋,,幵楬暆堳丗曅懁捠峴3.5m埲忋丄椉懁捠峴5.5m埲忋,乮偙傟傕朄棩挷傋傞丅乯,,,
幵楬夞揮敿宎丗仜仜m埲忋乮挀幵応朄巤峴椷戞8忦乯丅,,幵楬夞揮敿宎丗5m埲忋乮挀幵応朄巤峴椷戞8忦乯丅,,,,
椑壓崅偝丗幵楬 崅偝仜仜m埲忋丄挀幵僗儁乕僗崅偝仜仜m埲忋丅,,椑壓崅偝丗幵楬 崅偝2.3m埲忋丄挀幵僗儁乕僗 崅偝2.1m埲忋,,,,
幵楬岡攝丗仜仜埲壓丅乮孹幬楬偺忋壓偵偼仜仜埲壓偺娚榓岡攝偑昁梫乯,,幵楬岡攝丗1/6埲壓丅乮孹幬楬偺忋壓偵偼1/12埲壓偺娚榓岡攝偑昁梫乯,,,,
仭挀幵曽幃偺摿挜,,仭挀幵曽幃偺摿挜,,,,
"強梫柺愊
丒捈妏挀幵丗柺愊偑仜仜偄
丒幬傔挀幵丗柺愊偑仜仜偄",,"強梫柺愊
丒捈妏挀幵丗柺愊偑彫偝偄
丒幬傔挀幵丗柺愊偑戝偒偄",,,,
"幵楬偺暆
丒捈妏挀幵丗暆偑仜仜偄
丒幬傔挀幵丗暆偑仜仜偄",,"幵楬偺暆
丒捈妏挀幵丗暆偑戝偒偄
丒幬傔挀幵丗暆偑彫偝偄",,,,
"帺揮幵偲僶僀僋偺挀幵僗儁乕僗
丒帺揮幵丗仜仜x仜仜cm
丒僶僀僋丗仜仜x仜仜cm",,"帺揮幵偲僶僀僋偺挀幵僗儁乕僗
丒帺揮幵丗60x190cm
丒僶僀僋丗90x230cm",,,,
挀幵応撪偺拰僗僷儞丗仜仜乣仜仜m丅幵仜仜戜暘丅,,挀幵応撪偺拰僗僷儞丗8乣8.5m丅幵3戜暘丅,,,,
戝婯柾側挀幵応乮戝宆彜嬈巤愝摍乯偼丄仜仜愜擖屔丄仜仜愜弌屔,,戝婯柾側挀幵応乮戝宆彜嬈巤愝摍乯偼丄嵍愜擖屔丄嵍愜弌屔,,,,
亂寶抸寁夋亃,,亂寶抸寁夋亃,,,,
"僜僔僆仜仜丗媮怱揑丅岎棳傪懀恑偡傞嬻娫僨僓僀儞
僜僔僆仜仜丗墦怱揑丅岎棳傪朩偘傞嬻娫僨僓僀儞",,"僜僔僆儁僞儖丗媮怱揑丅岎棳傪懀恑偡傞嬻娫僨僓僀儞
僜僔僆僼乕僈儖丗墦怱揑丅岎棳傪朩偘傞嬻娫僨僓僀儞",,,,
僾儗僼傽僽岺朄偺庬椶丗,,僾儗僼傽僽岺朄偺庬椶丗,,,,
幉慻岺朄,,幉慻岺朄,,,,
榞慻暻岺朄,,榞慻暻岺朄,,,,
僷僱儖岺朄,,僷僱儖岺朄,,,,
儃僢僋僗儐僯僢僩岺朄,,儃僢僋僗儐僯僢僩岺朄,,,,
僾儗僇僢僩曽幃丗栘憿廧戭偺宲庤傗巇岥傪岺応偱僾儗僇僢僩偡傞,,僾儗僇僢僩曽幃丗栘憿廧戭偺宲庤傗巇岥傪岺応偱僾儗僇僢僩偡傞,,,,
"僶仜仜僋儕乕儞儖乕儉
丒柍仜仜幒
丒堛仜仜岺応丒怘仜仜応側偳偱嵦梡
岺仜仜僋儕乕儞儖乕儉
丒柍仜仜幒
丒敿仜仜岺応傗惛仜仜岺応側偳偱嵦梡",,"僶僀僆儘僕僇儖僋儕乕儞儖乕儉
丒柍嬠幒
丒堛栻昳岺応丒怘昳岺応側偳偱嵦梡
岺嬈梡僋儕乕儞儖乕儉
丒柍恛幒
丒敿摫懱岺応傗岝妛婡婍側偳偺惛枾婡夿岺応側偳偱嵦梡",,,,
亂娐嫬岺妛亃,,亂娐嫬岺妛亃,,,,
"擔幩偲擔徠偺堘偄
丒擔幩丗仜仜岠壥
丒擔徠丗仜仜岠壥",,"擔幩偲擔徠偺堘偄
丒擔幩丗擬岠壥
丒擔徠丗岝岠壥",,,,
"擔幩検偺庬椶
嘆捈仜仜検丗抧忋偵捈愙払偡傞擔幩検乮戝婥寳偱嶶棎丒媧廂偝傟偨傕偺彍偔乯
嘇揤仜仜検丗戝婥寳偱嶶棎偟偰丄抧忋偵棃偨擔幩検
嘊慡仜仜検丗嘆+嘇","
","擔幩検偺庬椶
嘆捈払擔幩検丗抧忋偵捈愙払偡傞擔幩検乮戝婥寳偱嶶棎丒媧廂偝傟偨傕偺彍偔乯
嘇揤嬻擔幩検丗戝婥寳偱嶶棎偟偰丄抧忋偵棃偨擔幩検
嘊慡揤擔幩検丗嘆+嘇",,,,
"暻柺偲悈暯柺偺1m2摉偨傝偺擔幩検
丒仜仜帄偺仜仜柺亜仜仜帄偺仜仜柺亜仜仜帄偺仜仜柺亜仜仜帄偺仜仜柺",,"暻柺偲悈暯柺偺1m2摉偨傝偺擔幩検
丒壞帄偺悈暯柺亜搤帄偺暻柺亜壞帄偺暻柺亜搤帄偺悈暯柺",幬傔偵側傞傎偳庛偄,,,
"擔幩偺挷惍曽朄
嘆悈仜仜丗壞婫偺撿柺擔幩傪幷傞岠壥偑崅偄
嘇悅仜仜丗惣擔傪幷傞岠壥偑崅偄",,"擔幩偺挷惍曽朄
嘆悈暯儖乕僶乕丗壞婫偺撿柺擔幩傪幷傞岠壥偑崅偄
嘇悅捈儖乕僶乕丗惣擔傪幷傞岠壥偑崅偄",,,,
"壜徠帪娫丗棟榑忋擔偑摉偨傞帪娫丅
丒悈暯柺丗仜仜帄嵟挿丅
丒撿柺丗仜仜帄嵟抁丅",,"壜徠帪娫丗棟榑忋擔偑摉偨傞帪娫丅
丒悈暯柺丗壞帄嵟挿丅
丒撿柺丗壞帄嵟抁丅",,,,
"擔徠棪丗擔仜仜/壜仜仜x100丅
揤婥傗嶳側偳偺塭嬁傪斀塮丅乮寶暔偼娭學側偟乯",,"擔徠棪丗擔徠帪娫/壜徠帪娫x100丅
揤婥傗嶳側偳偺塭嬁傪斀塮丅乮寶暔偼娭學側偟乯",,,,
"椬搹娫妘
仜仜搙偑崅偔側傞傎偳擔仜仜帪娫偑挿偔側傞偨傔丄娫仜仜偑峀偔側傞丅",,"椬搹娫妘
堒搙偑崅偔側傞傎偳擔塭帪娫偑挿偔側傞偨傔丄娫妘偑峀偔側傞丅",,,,
仭擔塭,,仭擔塭,,,,
"丒擔塭帪娫恾偱乽4帪娫埲忋擔塭偲側傞斖埻乿偺摿挜
嘆寶暔偺搶惣曽岦偺暆丗戝偒偄傎偳丄仜仜偔側傞
嘇寶暔偺撿杒曽岦傗崅偝丗塭嬁偼仜仜偄丅
嘊暋悢寶暔偑偁傞応崌丗搰仜仜偑偱偒傞応崌偑偁傞丅",,"丒擔塭帪娫恾偱乽4帪娫埲忋擔塭偲側傞斖埻乿偺摿挜
嘆寶暔偺搶惣曽岦偺暆丗戝偒偄傎偳丄戝偒偔側傞
嘇寶暔偺撿杒曽岦傗崅偝丗塭嬁偼彫偝偄丅
嘊暋悢寶暔偑偁傞応崌丗搰擔塭偑偱偒傞応崌偑偁傞丅",,,,
壞帄偵廔擔擔塭偵側傞晹暘偺柤徧丗塱仜仜丅,,壞帄偵廔擔擔塭偵側傞晹暘偺柤徧丗塱媣擔塭丅,,,,
"擔塭婯惂
丒拞崅憌寶抸暔乮崅偝10m挻側偳偺寶抸暔乯偺丄搤帄偺擔塭帪娫傪婯惂丅
仸晘抧嫬奅慄偐傜堦掕嫍棧傪挻偊傞斖埻仌1.5m乣6.5m偺悈暯柺偱偺擔塭帪娫丅嬶懱揑偵偼奺抧曽帺帯懱偺忦椺摍丅",,"擔塭婯惂
丒拞崅憌寶抸暔乮崅偝10m挻側偳偺寶抸暔乯偺丄搤帄偺擔塭帪娫傪婯惂丅
仸晘抧嫬奅慄偐傜堦掕嫍棧傪挻偊傞斖埻仌1.5m乣6.5m偺悈暯柺偱偺擔塭帪娫丅嬶懱揑偵偼奺抧曽帺帯懱偺忦椺摍丅",,,,
"價儖晽丗
戩墇晽偑摉偨傞柺愊偑戝偒偄傎偳丄晽懍傕仜仜偄丅",,"價儖晽丗
戩墇晽偑摉偨傞柺愊偑戝偒偄傎偳丄晽懍傕戝偒偄丅",,,,
"價儖晽丗
晽懍帺懱乮愨懳揑側晽懍乯丗廃埻偵寶抸暔偑側偄応崌偑仜仜偄丅
晽懍憹壛棪丗廃埻偵掅憌寶抸暔偑偁傞応崌偺曽偑仜仜偄丅",,"價儖晽丗
晽懍帺懱乮愨懳揑側晽懍乯丗廃埻偵寶抸暔偑側偄応崌偑戝偒偄丅
晽懍憹壛棪丗廃埻偵掅憌寶抸暔偑偁傞応崌偺曽偑戝偒偄丅",,,,
僋仜仜僠儏乕僽丗抧拞壏搙偑堦掕側偺傪棙梡丅抧拞偵奜婥庢傝擖傟僠儏乕僽攝抲偟偨丄抧拞擬傪棙梡偟偨徣僄僱媄弍丅,,僋乕儖/僸乕僩僠儏乕僽丗抧拞壏搙偑堦掕側偺傪棙梡丅抧拞偵奜婥庢傝擖傟僠儏乕僽攝抲偟偨丄抧拞擬傪棙梡偟偨徣僄僱媄弍丅,,,,
仭杊壩丄杊嵭寁夋,,仭杊壩丄杊嵭寁夋,,,,
僼仜仜丗堦掕偺壏搙偵払偟偨偲偒偵壜擱暔偑敪壩偟丄媫寖側墑從奼戝偡傞偙偲丅,,僼儔僢僔儏僆乕僶乕丗堦掕偺壏搙偵払偟偨偲偒偵壜擱暔偑敪壩偟丄媫寖側墑從奼戝偡傞偙偲丅,,,,
懴壩寶抸暔偱偺壩嵭擱從偼丄僼儔僢僔儏僆乕僶乕屻偼嬻仜仜検偵埶懚偡傞丅,,懴壩寶抸暔偱偺壩嵭擱從偼丄僼儔僢僔儏僆乕僶乕屻偼嬻婥棳擖検偵埶懚偡傞丅,,,,
懴壩寶抸暔偱偺墝憌偺岤偝偼丄壩尮仜仜偵塭嬁偝傟傞丅乮not壩尮敪擬検乯,,懴壩寶抸暔偱偺墝憌偺岤偝偼丄壩尮柺愊偵塭嬁偝傟傞丅乮not壩尮敪擬検乯,,,,
"暚弌偡傞壩墛偺奜暻偐傜棧傟傗偡偝丗
丒仜仜憢丗奜暻偐傜棧傟傗偡偄丅忋奒傊墑從偟偵偔偄丅
丒仜仜憢丗奜暻偐傜棧傟偵偔偄丅忋奒傊墑從傗偡偄丅",,"暚弌偡傞壩墛偺奜暻偐傜棧傟傗偡偝丗
丒廲挿憢丗奜暻偐傜棧傟傗偡偄丅忋奒傊墑從偟偵偔偄丅
丒墶挿憢丗奜暻偐傜棧傟偵偔偄丅忋奒傊墑從傗偡偄丅",,,,
"丒栘嵽偺弌壩婋尟壏搙丗仜仜搙慜屻丅
丒栘嵽偺敪壩婋尟壏搙丗仜仜搙慜屻丅",,"丒栘嵽偺弌壩婋尟壏搙丗260搙慜屻丅
丒栘嵽偺敪壩婋尟壏搙丗450搙慜屻丅",,,,
"丒悢暘偱恖偑巰偸丄堦巁壔扽慺擹搙丗仜仜%丅
丒2帪娫偱恖偑巰偸丄堦巁壔扽慺擹搙丗仜仜%",,"丒悢暘偱恖偑巰偸丄堦巁壔扽慺擹搙丗1%丅
丒2帪娫偱恖偑巰偸丄堦巁壔扽慺擹搙丗0.16%",,,,
壩嵭壸廳乮摍壙壜擱暔検乯丗壜擱暔偺廳検傪仜仜姺嶼偟偨傕偺丅扨埵kg/m2丅,,壩嵭壸廳乮摍壙壜擱暔検乯丗壜擱暔偺廳検傪栘嵽姺嶼偟偨傕偺丅扨埵kg/m2丅,,,,
仭旔擄寁夋偲杊嵭寁夋偺億僀儞僩,,仭旔擄寁夋偲杊嵭寁夋偺億僀儞僩,,,,
旔擄宱楬忋偺斷偼旔擄曽岦偵奐偔偙偲偑尨懃,,旔擄宱楬忋偺斷偼旔擄曽岦偵奐偔偙偲偑尨懃,,,,
旔擄奒偱偼丄忋壓奒偐傜偺奒抜偼楢懕偝偣側偄,,旔擄奒偱偼丄忋壓奒偐傜偺奒抜偼楢懕偝偣側偄,,,,
僄儗儀乕僞乕丄僄僗僇儗乕僞乕偼旔擄楬偲偟偰偼巊傢側偄,,僄儗儀乕僞乕丄僄僗僇儗乕僞乕偼旔擄楬偲偟偰偼巊傢側偄,,,,
旔擄奒抜偲僄儗儀乕僞乕儂乕儖偼嬫夋偡傞,,旔擄奒抜偲僄儗儀乕僞乕儂乕儖偼嬫夋偡傞,,,,
孮廤曕峴懍搙丗仜仜m/昩丅乮孮廤枾搙仜仜恖/m2丄摨堦曽岦偺帪乯,,孮廤曕峴懍搙丗1m/昩丅乮孮廤枾搙1.5恖/m2丄摨堦曽岦偺帪乯,,,,
斷偼尨懃偲偟偰仜仜奐偒乮媫偵斷偑奐偔偲丄慜傪捠夁偡傞恖偵傇偮偐傞偨傔乯,,斷偼尨懃偲偟偰撪奐偒乮媫偵斷偑奐偔偲丄慜傪捠夁偡傞恖偵傇偮偐傞偨傔乯,,,,
"壓婰偺3揰偼丄椺奜揑偵奜奐偒斷偲偡傞
嘆塉巇晳丗塉巇晳傪峫椂偟偰丄尯娭斷偼奜奐偒丅
嘇旔擄丗寑応側偳偺媞惾偺斷偼旔擄曽岦偵崌傢偣偰奜奐偒丅
嘊崅楊幰丒姵幰梡偺曋強丗崅楊幰傗姵幰偑巊梡偡傞曋強僽乕僗偼奜奐偒丅撪奐偒偵偡傞偲丄僽乕僗撪偱搢傟偨応崌偵懱偑幾杺偟偰斷偑奐偗傜傟側偔側傞",,"壓婰偺3揰偼丄椺奜揑偵奜奐偒斷偲偡傞
嘆塉巇晳丗塉巇晳傪峫椂偟偰丄尯娭斷偼奜奐偒丅
嘇旔擄丗寑応側偳偺媞惾偺斷偼旔擄曽岦偵崌傢偣偰奜奐偒丅
嘊崅楊幰丒姵幰梡偺曋強丗崅楊幰傗姵幰偑巊梡偡傞曋強僽乕僗偼奜奐偒丅撪奐偒偵偡傞偲丄僽乕僗撪偱搢傟偨応崌偵懱偑幾杺偟偰斷偑奐偗傜傟側偔側傞",,,,
仭寶抸巑偺怑愑丄嬈柋,,仭寶抸巑偺怑愑丄嬈柋,,,,
"丒愝寁僼僃乕僘偵偮偄偰
婎杮愝寁丗乽仜仜乿偵愝寁撪梕傪揱偊傞偨傔偺傕偺
幚巤愝寁丗乽仜仜乿偵愝寁撪梕傪揱偊傞偨傔偺傕偺",,"丒愝寁僼僃乕僘偵偮偄偰
婎杮愝寁丗乽寶抸庡乿偵愝寁撪梕傪揱偊傞偨傔偺傕偺
幚巤愝寁丗乽巤岺幰乿偵愝寁撪梕傪揱偊傞偨傔偺傕偺",,,,
寶抸帠柋強偺奐愝幰偼丄愱擟偺寶抸巑乮娗棟寶抸巑乯傪抲偐側偗傟偽側傜側偄,,寶抸帠柋強偺奐愝幰偼丄愱擟偺寶抸巑乮娗棟寶抸巑乯傪抲偐側偗傟偽側傜側偄,,,,
"娗棟寶抸巑偺梫審
丒寶抸巑帠柋強偱仜仜擭娫偺仜仜偲偟偰偺嬈柋丅
丒娗棟寶抸巑島廗偺壽掱傪廋椆",,"娗棟寶抸巑偺梫審
丒寶抸巑帠柋強偱3擭娫偺寶抸巑乮堦媺丄擇媺丄栘憿乯偲偟偰偺嬈柋丅
丒娗棟寶抸巑島廗偺壽掱傪廋椆",娗棟寶抸巑偵掕婜島廗偼偁傝傑偣傫丅,,,
"柶嫋偺岎晅尦
堦媺寶抸巑丗仜仜
擇媺寶抸巑丄栘憿寶抸巑丗仜仜",,"柶嫋偺岎晅尦
堦媺寶抸巑丗崙搚岎捠戝恇
擇媺寶抸巑丄栘憿寶抸巑丗搒摴晎導抦帠",,,,
亂悺朄愝寁亃,,亂悺朄愝寁亃,,,,
仭悺朄偺梡岅,,仭悺朄偺梡岅,,,,
"丒儌僨儏乕儖丗寶抸偺愝寁偵偍偄偰婎弨偲偟偰梡偄傞扨埵悺朄丅
1広乮堦斒偵303噊乯側偳丅
JIS偵偍偗傞寶抸偺儀乕僔僢僋儌僨儏乕儖偼100噊丅乮JIS A 0001媦傃JIS A 0004乯",,"丒儌僨儏乕儖丗寶抸偺愝寁偵偍偄偰婎弨偲偟偰梡偄傞扨埵悺朄丅
1広乮堦斒偵303噊乯側偳丅
JIS偵偍偗傞寶抸偺儀乕僔僢僋儌僨儏乕儖偼100噊丅乮JIS A 0001媦傃JIS A 0004乯",,,,
"丒儌僨儏儘乕儖丗
僐儖價儏僕僄偑墿嬥斾偲恖懱悺朄傪傕偲偵峫埬偟丄屄恖揑偵愝寁偵巊偭偰偄偨悺朄懱宯丅儌僨儏乕儖偺堦庬偱偼偁傞偑丄JIS偲偼娭學側偄丅",,"丒儌僨儏儘乕儖丗
僐儖價儏僕僄偑墿嬥斾偲恖懱悺朄傪傕偲偵峫埬偟丄屄恖揑偵愝寁偵巊偭偰偄偨悺朄懱宯丅儌僨儏乕儖偺堦庬偱偼偁傞偑丄JIS偲偼娭學側偄丅",,,,
"墿嬥斾丗丂1丗仜仜乮僩儔儞僾傗僋儗僕僢僩僇乕僪乯
敀嬧斾丗丂1丗仜仜乮巻偺A4僒僀僘摍偼偙傟乯",,"墿嬥斾丗丂1丗1.618乮僩儔儞僾傗僋儗僕僢僩僇乕僪乯
敀嬧斾丗丂1丗1.414乮巻偺A4僒僀僘摍偼偙傟乯",,,,
"峕屗娫
丒仜仜僌儕僢僪乮拰怱傪婎弨悺朄偺惍悢攞偲偡傞乯
丒拰娫妘偼丄婎弨悺朄偺惍悢攞偲偡傞
丒忯偺悺朄偑仜仜",,"峕屗娫
丒僔儞僌儖僌儕僢僪乮拰怱傪婎弨悺朄偺惍悢攞偲偡傞乯
丒拰娫妘偼丄婎弨悺朄偺惍悢攞偲偡傞
丒忯偺悺朄偑僶儔僶儔乮拰偺戝偒偝偵傛傞乯",,,,
"嫗娫
丒仜仜僌儕僢僪乮拰撪朄悺朄傪婎弨悺朄偲偡傞乯
丒拰娫妘偼丄拰偺抐柺悺朄偵娭學偟偨抂悢傪惗偠傞
丒忯偺悺朄偑仜仜丅",,"嫗娫
丒僟僽儖僌儕僢僪乮拰撪朄悺朄傪婎弨悺朄偲偡傞乯
丒拰娫妘偼丄拰偺抐柺悺朄偵娭學偟偨抂悢傪惗偠傞
丒忯偺悺朄偑摑堦丅",,,,
仭奒抜丒僩僀儗傑傢傝,,仭奒抜丒僩僀儗傑傢傝,,,,
摜柺悺朄偵偼廟崬悺朄偼娷傑側偄,,摜柺悺朄偵偼廟崬悺朄偼娷傑側偄,,,,
夞傝奒抜乮梿慁奒抜乯偺摜柺暆偼抂晹偐傜丗仜仜cm偺埵抲,,夞傝奒抜乮梿慁奒抜乯偺摜柺暆偼抂晹偐傜丗30cm偺埵抲,,,,
奒抜偵戙傢傞孹幬楬偺岡攝丗仜仜埲壓,,奒抜偵戙傢傞孹幬楬偺岡攝丗1/8埲壓,,,,
"庤偡傝偺崅偝
丒奒抜偺庤偡傝偺崅偝丗抜偺愭抂偐傜仜仜cm掱搙乮徃崀曗彆乯
丒僶儖僐僯乕偺庤偡傝偺崅偝丗彴偐傜仜仜cm埲忋 乮揮棊杊巭乯",,"庤偡傝偺崅偝
丒奒抜偺庤偡傝偺崅偝丗抜偺愭抂偐傜85cm掱搙乮徃崀曗彆乯
丒僶儖僐僯乕偺庤偡傝偺崅偝丗彴偐傜110cm埲忋 乮揮棊杊巭乯",仸懱偺廳怱偱偁傞乽傊偦乿偑彴忋100cm掱搙側偺偱丄庤偡傝傪偦傟傛傝傕崅偄110cm埲忋偲偡傟偽揮棊杊巭偵桳岠偱偡丅,,,
"僗儘乕僾偺悺朄愝寁
丒壆撪僗儘乕僾偺岡攝丒丒丒1/仜仜埲壓
丒壆奜僗儘乕僾偺岡攝丒丒丒1/仜仜埲壓
丒梮応丒丒丒崅偝仜仜cm偛偲丄暆仜仜cm埲忋",,"僗儘乕僾偺悺朄愝寁
丒壆撪僗儘乕僾偺岡攝丒丒丒1/12埲壓
丒壆奜僗儘乕僾偺岡攝丒丒丒1/15埲壓
丒梮応丒丒丒崅偝75cm偛偲丄暆150cm埲忋",,,,
"棳偟戜丄愻柺戜偺崅偝
寬忢幰梡
丒戜強偺棳偟戜偺崅偝丗仜仜cm掱搙
丒愻柺戜偺崅偝丗仜仜cm掱搙
幵偄偡巊梡幰梡
丒戜強偺棳偟戜偺崅偝丗仜仜cm掱搙
丒愻柺戜偺崅偝丗仜仜cm掱搙",,"
棳偟戜丄愻柺戜偺崅偝
寬忢幰梡
丒戜強偺棳偟戜偺崅偝丗85cm掱搙
丒愻柺戜偺崅偝丗75cm掱搙
幵偄偡巊梡幰梡
丒戜強偺棳偟戜偺崅偝丗75cm掱搙
丒愻柺戜偺崅偝丗75cm掱搙",,,,
暻妡偗宆彫曋婍偺娫妘丗恈乆偱仜仜mm掱搙丅,,暻妡偗宆彫曋婍偺娫妘丗恈乆偱800mm掱搙丅,,,,
梞幃僩僀儗僽乕僗偺戝偒偝丗暆仜仜cm丄墱峴仜仜cm掱搙丅,,梞幃僩僀儗僽乕僗偺戝偒偝丗暆100cm丄墱峴140cm掱搙丅,,,,
"恖偺栚慄偺崅偝
丒棫埵偺恖娫偺栚慄偺崅偝偼仜仜cm掱搙
丒嵗埵偺恖娫偺栚慄偺崅偝偼仜仜cm掱搙(堉巕偵嵗傞偲忋敿恎偼40cm掱搙壓偑傞)",,"恖偺栚慄偺崅偝
丒棫埵偺恖娫偺栚慄偺崅偝偼155cm掱搙
丒嵗埵偺恖娫偺栚慄偺崅偝偼115cm掱搙(堉巕偵嵗傞偲忋敿恎偼40cm掱搙壓偑傞)",,,,
"僷乕僥傿僔儑儞偺崅偝
丒嵗埵偱尒捠偟偑偒偔丗仜仜cm
丒嵗埵偱尒捠偟偑偒偔丗仜仜cm",,"僷乕僥傿僔儑儞偺崅偝
丒嵗埵偱尒捠偟偑偒偔丗110cm
丒嵗埵偱尒捠偟偑偒偔丗120cm",,,,
"丒僇僂儞僞乕偺崅偝
嘆棫埵偱巊梡偡傞僇僂儞僞乕丂丂 仜仜cm掱搙
嘇幵偄偡巊梡幰梡丂丂梡搑偵娭傢傜偢丂仜仜cm掱搙乮婘傗怘戩偺崅偝乯
嘊恾彂娰偺戄弌梡僇僂儞僞乕丂丂丂丂丂仜仜cm掱搙
嘋僗乕僷乕儅乕働僢僩偺儗僕僇僂儞僞乕媦傃曪憰戜丂仜仜cm掱搙",,"丒僇僂儞僞乕偺崅偝
嘆棫埵偱巊梡偡傞僇僂儞僞乕丂丂 100cm掱搙
嘇幵偄偡巊梡幰梡丂丂梡搑偵娭傢傜偢丂70cm掱搙乮婘傗怘戩偺崅偝乯
嘊恾彂娰偺戄弌梡僇僂儞僞乕丂丂丂丂丂70cm掱搙
嘋僗乕僷乕儅乕働僢僩偺儗僕僇僂儞僞乕媦傃曪憰戜丂70cm掱搙",,,,
"埬撪昗幆斅偺崅偝
丒斅偺拞怱傪仜仜cm偵偡傞偲丄棫埵偲嵗埵乮幵偄偡偺恖乯偺拞娫偵側傞偺偱丄偪傚偆偳偄偄丅",,"埬撪昗幆斅偺崅偝
丒斅偺拞怱傪135cm偵偡傞偲丄棫埵偲嵗埵乮幵偄偡偺恖乯偺拞娫偵側傞偺偱丄偪傚偆偳偄偄丅",,,,
仭強梫彴柺愊,,仭強梫彴柺愊,,,,
仸彂偔両,,仸彂偔両,,,,
亂崅楊幰丒恎懱忈奞幰懳墳亃,,亂崅楊幰丒恎懱忈奞幰懳墳亃,"媊柋婎弨偱彂偔偺偑椙偝偦偆丅
桿摫婎弨偲偛偭偪傖偵側偭偰偄傞傕偺偼惍棟偟偰彂偔偐側偀丅",,,
慡斒丗抜嵎傪側偔偡,,慡斒丗抜嵎傪側偔偡,,,,
楲壓丗抜嵎側偔偡丄暻偺撌墯傪旔偗傞,,楲壓丗抜嵎側偔偡丄暻偺撌墯傪旔偗傞,,,,
奒抜丗庤偡傝傪愝偗傞丅抜旲偑戝偒偄偲偮傑偯偒傗偡偄丅,,奒抜丗庤偡傝傪愝偗傞丅抜旲偑戝偒偄偲偮傑偯偒傗偡偄丅,,,,
愻柺婍丗壓晹僗儁乕僗偵斅傪偮偗側偄丅嬀偼崅偝100cm掱搙偵偟偰棫埵偱傕幵堉巕偱傕巊偊傞傛偆偵偡傞丅孹幬嬀偼巊偄偯傜偄偺偱旔偗傞丅,,愻柺婍丗壓晹僗儁乕僗偵斅傪偮偗側偄丅嬀偼崅偝100cm掱搙偵偟偰棫埵偱傕幵堉巕偱傕巊偊傞傛偆偵偡傞丅孹幬嬀偼巊偄偯傜偄偺偱旔偗傞丅,,,,
丒幵堉巕偺夞揮偵昁梫側僗儁乕僗丗捈宎仜仜cm埲忋丅,,丒幵堉巕偺夞揮偵昁梫側僗儁乕僗丗捈宎150cm埲忋丅,,,,
丒幵堉巕偑挻偊傜傟傞抜嵎丗仜仜cm埲壓丅,,丒幵堉巕偑挻偊傜傟傞抜嵎丗2cm埲壓丅,,,,
丒幵偄偡偺僩僀儗僽乕僗丗娫岥仜仜cm埲忋丄墱峴仜仜cm埲忋丅,,丒幵偄偡偺僩僀儗僽乕僗丗娫岥140cm埲忋丄墱峴190cm埲忋丅,,,,
"戝曋婍偺崅偝
丒捠忢偺戝曋婍偺崅偝丗仜仜cm掱搙
丒幵偄偡巊梡幰梡偺戝曋婍偺崅偝丗仜仜cm掱搙",,"戝曋婍偺崅偝
丒捠忢偺戝曋婍偺崅偝丗42cm掱搙
丒幵偄偡巊梡幰梡偺戝曋婍偺崅偝丗45cm掱搙",,"崅嵗柺偑巊偄偯傜偄恖傕偄傞偺偹丅
偩偗偳丄崅嵗柺偠傖側偄偲幵偄偡偵栠傟側偄恖傕偄傞丅
偮傑傝偳偪傜傕昁梫丅
https://www.sanitary-net.com/trend/study/study02-6.html",,
仭帇妎忈奞幰傊偺懳墳,,仭帇妎忈奞幰傊偺懳墳,,,,
"揰帤僽儘僢僋偺庬椶
丒慄忬僽儘僢僋丗堏仜仜傪帵偡乮捠楬暻柺偐傜仜仜m埲忋棧偟偰晘愝乯
丒揰忬僽儘僢僋丗拲仜仜傪帵偡乮忈奞暔摍偺庤慜仜仜cm掱搙 乯",,"揰帤僽儘僢僋偺庬椶
丒慄忬僽儘僢僋丗堏摦曽岦傪帵偡乮捠楬暻柺偐傜1m埲忋棧偟偰晘愝乯
丒揰忬僽儘僢僋丗拲堄姭婲傪帵偡乮忈奞暔摍偺庤慜30cm掱搙 乯",,,,
揰帤僽儘僢僋偺怓丗尨懃仜仜怓乮柧搙嵎仜仜埲忋丄傑偨偼婸搙斾仜仜埲忋乯,,揰帤僽儘僢僋偺怓丗尨懃墿怓乮柧搙嵎5埲忋丄傑偨偼婸搙斾2.5埲忋乯,,,,
懁暻撍弌暔乮仜仜cm埲忋乯丗婋尟側偺偱尨懃偟側偄丄傕偟愝偗傞応崌偼10cm埲壓偲偡傞丅,,懁暻撍弌暔乮65cm埲忋乯丗婋尟側偺偱尨懃偟側偄丄傕偟愝偗傞応崌偼10cm埲壓偲偡傞丅,,,,
摜柺怓偲廟忋柺怓丗柧仜仜嵎傪戝偒偔偡傞丅,,摜柺怓偲廟忋柺怓丗柧搙嵎傪戝偒偔偡傞丅,,,,
敀撪忈偼帇奅偑墿曄壔偡傞偨傔丄敀抧偵仜仜怓偼尒偯傜偄丅敀抧偵愒怓偺曽偑尒傗偡偄丅,,敀撪忈偼帇奅偑墿曄壔偡傞偨傔丄敀抧偵墿怓偼尒偯傜偄丅敀抧偵愒怓偺曽偑尒傗偡偄丅,,,,
仭僶儕傾僼儕乕朄偵傛傞婎弨,,仭僶儕傾僼儕乕朄偵傛傞婎弨,,,,
"僶儕傾僼儕乕朄偺懳徾寶抸暔
丒寑仜仜丄嬧仜仜丄儂仜仜丄僨仜仜摍丗扤傕偑棙梡偡傞寶抸暔
丒榁仜仜丄暉仜仜摍丗崅楊幰傗忈奞幰偑棙梡偡傞寶抸暔
丒帠仜仜丄妛仜仜丄儅仜仜摍丗懡偔偺恖偑棙梡偡傞寶抸暔",,"僶儕傾僼儕乕朄偺懳徾寶抸暔
丒寑応丄嬧峴丄儂僥儖丄僨僷乕僩摍丗扤傕偑棙梡偡傞寶抸暔
丒榁恖儂乕儉丄暉巸巤愝摍丗崅楊幰傗忈奞幰偑棙梡偡傞寶抸暔
丒帠柋強丄妛峑丄儅儞僔儑儞摍丗懡偔偺恖偑棙梡偡傞寶抸暔",,,,
"僶儕傾僼儕乕朄偺媊柋晅偗懳徾
仜仜m2埲忋偺怴抸丄憹抸丄夵抸傪偡傞応崌乮岞廜曋強偼仜仜m2埲忋乯
仸抧曽岞嫟抍懱偺忦椺偵傛傞柺愊堷偒壓偘摍偼壜擻",,"僶儕傾僼儕乕朄偺媊柋晅偗懳徾
2000m2埲忋偺怴抸丄憹抸丄夵抸傪偡傞応崌乮岞廜曋強偼50m2埲忋乯
仸抧曽岞嫟抍懱偺忦椺偵傛傞柺愊堷偒壓偘摍偼壜擻",,,,
仭僶儕傾僼儕乕朄偵傛傞奺庬婎弨,,仭僶儕傾僼儕乕朄偵傛傞奺庬婎弨,,,,
弌擖岥丗仜仜cm埲忋丅乮媊柋婎弨乯,,弌擖岥丗80cm埲忋丅乮媊柋婎弨乯,,,,
楲壓暆丗仜仜cm埲忋丅乮媊柋婎弨乯,,楲壓暆丗120cm埲忋丅乮媊柋婎弨乯,,,,
"孹幬楬乮媊柋婎弨乯
庤偡傝丗仜仜懁
僗儘乕僾暆丗仜仜cm埲忋
僗儘乕僾岡攝丗1/仜仜埲壓",,"孹幬楬乮媊柋婎弨乯
庤偡傝丗曅懁
僗儘乕僾暆丗120cm埲忋
僗儘乕僾岡攝丗1/12埲壓",,,,
傾僾儘乕僠捠楬暆丗仜仜cm埲忋乮媊柋婎弨乯,,傾僾儘乕僠捠楬暆丗120cm埲忋乮媊柋婎弨乯,,,,
"挀幵応乮媊柋婎弨乯
幵偄偡巊梡幰梡丗仜仜偮埲忋
幵偄偡巊梡幰梡偺暆丗仜仜m埲忋",,"挀幵応乮媊柋婎弨乯
幵偄偡巊梡幰梡丗1偮埲忋
幵偄偡巊梡幰梡偺暆丗3.5m埲忋",,,,
"僄儗儀乕僞乕乮媊柋婎弨乯
僄儗儀乕僞乕僒僀僘丗弌擖岥桳岠暆仜仜cm埲忋丄偐偛暆仜仜cm埲忋丄偐偛墱峴偒仜仜cm埲忋
忔崀儘價乕丗仜仜cm妏埲忋",,"僄儗儀乕僞乕乮媊柋婎弨乯
僄儗儀乕僞乕僒僀僘丗弌擖岥桳岠暆80cm埲忋丄偐偛暆140cm埲忋丄偐偛墱峴偒135cm埲忋
忔崀儘價乕丗150cm妏埲忋",,,,
"僩僀儗乮媊柋婎弨乯
幵偄偡巊梡幰梡丗尨懃丄奺奒仜仜屄埲忋乮奒偺彴柺愊傗丄寶暔梡搑偱旝柇偵堎側傞乯
",,"僩僀儗乮媊柋婎弨乯
幵偄偡巊梡幰梡丗尨懃丄奺奒1屄埲忋乮奒偺彴柺愊傗丄寶暔梡搑偱旝柇偵堎側傞乯
",,,,
亂憢亃,,亂憢亃,,,,
仭憢偺庬椶,,仭憢偺庬椶,,,,
"堷堘偄憢丗婥仜仜惈偲塉仜仜偵擄偁傝丅仜仜屗丒仜仜屗偑庢晅壜擻丅仜仜晹惔憒壜擻丅
",,"堷堘偄憢丗婥枾惈偲塉巇晳偵擄偁傝丅栐屗丒塉屗偑庢晅壜擻丅奜晹惔憒壜擻丅
",,,,
奐偒憢丗悈仜仜惈丄婥仜仜惈丄幷仜仜惈偑崅偄丅偑丄僈儔僗奜柺偺惔憒丄崀塉拞偺姺婥偵擄偁傝丅晽偺偁偍傝偵庛偄丅,,奐偒憢丗悈枾惈丄婥枾惈丄幷壒惈偑崅偄丅偑丄僈儔僗奜柺偺惔憒丄崀塉拞偺姺婥偵擄偁傝丅晽偺偁偍傝偵庛偄丅,,,,
忋偘壓偘憢丗捠仜仜偵桳岠丅僈儔僗奜柺偺惔憒偵擄偁傝丅栐屗丒塉屗庢晅壜擻丅,,忋偘壓偘憢丗捠晽偵桳岠丅僈儔僗奜柺偺惔憒偵擄偁傝丅栐屗丒塉屗庢晅壜擻丅,,,,
妸傝弌偟憢乮廲幉丄墶幉乯丗夞仜仜幉偑僗儔僀僪偡傞丅悈仜仜惈摍傕傛偄丅姺婥丄捠晽偵桳岠丅僈儔僗奜柺偺惔憒偵擄偁傝丅,,妸傝弌偟憢乮廲幉丄墶幉乯丗夞揮幉偑僗儔僀僪偡傞丅悈枾惈摍傕傛偄丅姺婥丄捠晽偵桳岠丅僈儔僗奜柺偺惔憒偵擄偁傝丅,,,,
撍偒弌偟憢丗忋曈偑夞揮幉丅壓傪撍弌偡丅攔墝憢偲偟偰懡梡丅,,撍偒弌偟憢丗忋曈偑夞揮幉丅壓傪撍弌偡丅攔墝憢偲偟偰懡梡丅,,,,
奜搢偟憢丒撪搢偟憢丗掙曈偑夞揮幉丅忋偑搢傟傞丅,,奜搢偟憢丒撪搢偟憢丗掙曈偑夞揮幉丅忋偑搢傟傞丅,,,,
夞揮憢丗拞怱偑夞仜仜幉乮廲幉丄墶幉偳偪傜傕偁傞乯丅攔墝憢偲偟偰巊梡壜擻丅,,夞揮憢丗拞怱偑夞揮幉乮廲幉丄墶幉偳偪傜傕偁傞乯丅攔墝憢偲偟偰巊梡壜擻丅,,,,
僪儗乕僉僢僾丗撪仜仜偲撪仜仜傪愗傝姺偊傜傟傞丅,,僪儗乕僉僢僾丗撪搢偟偲撪奐偒傪愗傝姺偊傜傟傞丅,,,,
儖乕僶乕憢丗僾仜仜傪曐偪偮偮姺婥壜擻丅婥仜仜惈偵擄偁傝丅,,儖乕僶乕憢丗僾儔僀僶僔乕傪曐偪偮偮姺婥壜擻丅婥枾惈偵擄偁傝丅,,,,
偼傔偛傠偟憢丄FIX憢丗嵦仜仜偑庡栚揑丅婥仜仜惈丒悈仜仜惈偑崅偄丅,,偼傔偛傠偟憢丗嵦岝偑庡栚揑丅婥枾惈丒悈枾惈偑崅偄丅,,,,
仭憢僈儔僗偺庬椶,,仭憢僈儔僗偺庬椶,,,,
"暋仜仜僈儔僗丗
嬻婥憌偑偁傞偨傔丄抐擬惈擻UP丅幷仜仜惈擻偼忋偑傜側偄丅",,"暋憌僈儔僗丗
嬻婥憌偑偁傞偨傔丄抐擬惈擻UP丅幷壒惈擻偼忋偑傜側偄丅",,,,
"崌仜仜僈儔僗丗
庽帀惢偺拞娫枌偱崌傢偣傞丅旘仜仜杊巭丅",,"崌傢偣僈儔僗丗
庽帀惢偺拞娫枌偱崌傢偣傞丅旘嶶杊巭丅",,,,
"L仜仜僈儔僗
摿庩嬥懏偺枌傪僈儔僗昞柺偵僐乕僥傿儞僌偟丄抐擬惈丒擔幩幷暳惈傪岦忋丅
擔幩幷暳宆丗仜仜僈儔僗偺拞嬻憌懁偵僐乕僥傿儞僌丅
抐擬宆丗仜仜僈儔僗偺拞嬻憌懁偵僐乕僥傿儞僌丅",,"LOW-E僈儔僗
摿庩嬥懏偺枌傪僈儔僗昞柺偵僐乕僥傿儞僌偟丄抐擬惈丒擔幩幷暳惈傪岦忋丅
擔幩幷暳宆丗奜懁僈儔僗偺拞嬻憌懁偵僐乕僥傿儞僌丅
抐擬宆丗撪懁僈儔僗偺拞嬻憌懁偵僐乕僥傿儞僌丅",,,,
"擬慄媧廂僈儔僗
擔幩幷暳岠壥偑崅偄丅
擬慄媧廂僈儔僗偼丄擬仜仜偑偟傗偡偄丅",,"擬慄媧廂僈儔僗
擔幩幷暳岠壥偑崅偄丅
擬慄媧廂僈儔僗偼丄擬妱傟偑偟傗偡偄丅",,,,
"栐擖傝僈儔僗
旘仜仜杊巭丄墑仜仜杊巭岠壥丅乮杊仜仜岠壥偼柍偄乯
擬仜仜偑偟傗偡偄丅",,"栐擖傝僈儔僗
旘嶶杊巭丄墑從杊巭岠壥丅乮杊斊岠壥偼柍偄乯
擬妱傟偑偟傗偡偄丅",,,,
"嫮壔僈儔僗
捠忢偺斅僈儔僗偺仜仜乣仜仜攞偺嫮搙
棻忬偵嵶偐偔妱傟傞偺偱丄夦変偵側傝偵偔偄丅
擬張棟屻偺仜仜壛岺偼弌棃側偄丅",,"嫮壔僈儔僗
捠忢偺斅僈儔僗偺3乣5攞偺嫮搙
棻忬偵嵶偐偔妱傟傞偺偱丄夦変偵側傝偵偔偄丅
擬張棟屻偺愗抐壛岺偼弌棃側偄丅",,,,
仭奜暻,,仭奜暻,,,,
"丒僇乕僥儞僂僅乕儖偺
儘僢僉儞僌曽幃
僗僂僃乕曽幃",,"丒僇乕僥儞僂僅乕儖偺
儘僢僉儞僌曽幃
僗僂僃乕曽幃",,,,
"丒僇乕僥儞僂僅乕儖偺悈枾張棟偺庬椶
僆乕僾儞僕儑僀儞僩曽幃
僼傿儖僪僕儑僀儞僩岺朄",,"丒僇乕僥儞僂僅乕儖偺悈枾張棟偺庬椶
僆乕僾儞僕儑僀儞僩曽幃
僼傿儖僪僕儑僀儞僩岺朄",,,,
仭壆崻偺庬椶,,丒壆崻偺庬椶,,,,
愗嵢壆崻,,愗嵢壆崻,,,,
婑搹壆崻,,婑搹壆崻,,,,
擖曣壆壆崻,,擖曣壆壆崻,,,,
崢愜傟壆崻,,崢愜傟壆崻,,,,
棨壆崻,,棨壆崻,,,,
仭壆崻嵽椏偲岡攝,,仭壆崻嵽椏偲岡攝,,,,
姖晿偒丗岡攝仜仜/仜仜埲忋,,姖晿偒丗岡攝6/10埲忋,,,,
擔杮姠丗岡攝仜仜/仜仜埲忋,,擔杮姠丗岡攝4/10埲忋,,,,
傾僗僼傽儖僩僔儞僌儖晿偒丄嬥懏斅暯晿偒丗岡攝仜仜/仜仜埲忋,,傾僗僼傽儖僩僔儞僌儖晿偒丄嬥懏斅暯晿偒丗岡攝3/10埲忋,,,,
嬥懏斅姠朹晿偒丗岡攝仜仜/仜仜埲忋,,嬥懏斅姠朹晿偒丗岡攝2/10埲忋,,,,
挿広揝斅姠朹晿偒丗岡攝仜仜/仜仜埲忋,,挿広揝斅姠朹晿偒丗岡攝1/10埲忋,,,,
僔乕僩杊悈丄傾僗僼傽儖僩杊悈丗岡攝仜仜/仜仜埲忋,,僔乕僩杊悈丄傾僗僼傽儖僩杊悈丗岡攝1/100埲忋,,,,
仭暻偺庬椶,,仭暻偺庬椶,,,,
恀暻丗仜仜彑偪偺暻丅暻偑怢弅偟偰傕寗娫偑奐偐側偄傛偆偵丄嶶傝偠傖偔傝傪擖傟傞丅,,恀暻丗拰彑偪偺暻丅暻偑怢弅偟偰傕寗娫偑奐偐側偄傛偆偵丄嶶傝偠傖偔傝傪擖傟傞丅,,,,
戝暻丗仜仜彑偪偺暻丅,,戝暻丗暻彑偪偺暻丅,,,,
亂015擔杮寶抸巎亃,,亂015擔杮寶抸巎亃,,,,
仭恄幮寶抸偺8庬椶,,仭恄幮寶抸偺8庬椶,,,,
嘆恄仜仜憿,仜仜擖丅愮仜仜丅姀仜仜丅,嘆恄柧憿傝(埳惃恄媨),暯擖傝丅愮栘乮偪偓乯丅姀栘乮偐偮偍偓乯丅,,,
嘇戝仜仜憿,仜仜擖丅嵍塃仜仜偺擖岥丅,嘇戝幮憿傝(弌塤戝幮),嵢擖傝丅嵍塃旕懳徧偺擖岥丅,,,
嘊廧仜仜憿,仜仜擖丅嵍塃仜仜偺擖岥丅慜傪仜仜恮丄屻傠傪仜仜恮偲偄偆丅尰嵼偼慜懁偵攓揳偑晅懏丅,嘊廧媑憿傝(廧媑戝幮),嵢擖傝丅嵍塃懳徧偺擖岥丅撪晹偑2晹壆偵暘偐傟丄慜傪奜恮丄屻傠傪撪恮偲偄偆丅尰嵼偼慜懁偵攓揳偑晅懏丅,,,
嘋棳仜仜憿,仜仜擖傝丅偙偺條幃偑慡崙偱堦斣懡偄丅,嘋棳傟憿傝(忋壛栁恄幮丄壓姏恄幮),暯擖傝乮暯懁偵斴乯丅偙偺條幃偑慡崙偱堦斣懡偄丅,,,
嘍弔仜仜憿,仜仜擖傝,嘍弔擔憿傝(弔擔戝幮),嵢擖傝乮嵢懁偵斴),,,
嘐敧仜仜憿,仜仜擖傝傪仜仜廳偹傞丅,嘐敧敠憿傝(塅嵅恄媨杮揳),暯擖傝傪2偮廳偹傞丅偳偪傜傕杮揳丅,,,
嘑椉仜仜憿,仜仜擖傝丅,嘑椉棳傟憿傝(尩搰恄幮),暯擖傝丅惓柺懁偲屻曽懁偺椉曽偺壆崻傪挿偔怢偽偡丅,,,
嘒尃仜仜憿,愇偺仜丅擖仜仜丅,嘒尃尰憿傝(擔岝搶徠媨),杮揳偲攓揳傪乽愇偺娫乿傕偟偔偼乽憡偺娫乿偲屇偽傟傞暭揳偱宷偖寶抸條幃偺偙偲丅擖曣壆憿傝丅,,,
仭偍帥偺條幃,,丒偍帥偺條幃,,,,
塤宍偺慻暔丄塤旾栘丅,旘,旘捁條幃,,,,
戝抇側寶抸丅憓偟旾栘丅榋庤愭慻暔丅,戝,戝暓條,椺乯搶戝帥撿戝栧丄忩搚帥忩搚摪,,,
慇嵶側寶抸丅奀榁擑椑丄壩摂憢丄媗慻傒丅,慣,慣廆條,椺乯墌妎帥幧棙揳,,,
拰忋偺傒偵慻暔丄暯峴悅栘丄憰忺彮側偔娙慺丅嶰庤愭慻暔丅,榓,榓條,椺乯栻巘帥搶搩丄搨彽採帥嬥摪丄怴栻巘帥杮摪,,,
娵拰丅彴偼斅挘傝丅奜廃偼暻彮側偄丅斷傗幜乮偟偲傒乯丅,怮,怮揳憿,椺乯搶嶰忦揳乮傂偑偟偝傫偠傚偆偳偺乯,,,
晅彂堾丄彴娫丄彴榚乮堘偄扞乯,彂,彂堾憿,椺乯岝忩堾媞揳丄擇忦忛擇偺娵屼揳,,,
幙慺丅寉夣側丅娙慺偱慇嵶側憰忺丅,悢,悢婑壆憿,椺乯宩棧媨丄惣杮婅帥旘塤妕,,,
"柉壠偺條幃丅
崌彾憿傝丄杮搹憿傝丄楻搇憿傝丄嬋傝壠丄僉儍儘僋憿傝丄傾僀僰偺僠僙丄椉斣丄姇憿傝丄巐曽奧",,崌彾憿傝丄杮搹憿傝丄楻搇憿傝丄嬋傝壠丄僉儍儘僋憿傝丄傾僀僰偺僠僙丄椉斣丄姇憿傝丄巐曽奧,,,,
"彂堾憿傝偺3揰僙僢僩
嘆晅仜仜丗扞斅偲柧偐傝庢傝偺忈巕偱峔惉丅傕偲傕偲偼撉傒彂偒梡偺婘丅
嘇彴仜仜丗妡偗幉丄壴傪忺傞嬻娫丅
嘊彴仜仜乮仜仜扞乯丗傕偲傕偲偼岺寍昳傗彂暔側偳傪抲偔応強丅",,"彂堾憿傝偺3揰僙僢僩
嘆晅彂堾丗扞斅偲柧偐傝庢傝偺忈巕偱峔惉丅傕偲傕偲偼撉傒彂偒梡偺婘丅
嘇彴偺娫丗妡偗幉丄壴傪忺傞嬻娫丅
嘊彴榚乮堘偄扞乯丗傕偲傕偲偼岺寍昳傗彂暔側偳傪抲偔応強丅",,,,
"仜仜彑庤丗岦偐偭偰嵍偵彴偺娫丄偦偺嵍偵晅彂堾丅塃偵彴榚丅
仜仜彑庤丗岦偐偭偰塃偵彴偺娫丄偦偺塃偵晅彂堾丅嵍偵彴榚丅",,"杮彑庤丗岦偐偭偰嵍偵彴偺娫丄偦偺嵍偵晅彂堾丅塃偵彴榚丅
媡彑庤丗岦偐偭偰塃偵彴偺娫丄偦偺塃偵晅彂堾丅嵍偵彴榚丅",,,,
柍憃巐暘堦丗彴偺娫偵妡偗幉傪妡偗傞偨傔偵愝偗傞偨傔偺傕偺丅,,柍憃巐暘堦丗彴偺娫偵妡偗幉傪妡偗傞偨傔偵愝偗傞偨傔偺傕偺丅,,,,
桳柤側栘妱彂乮偒傢傝偟傚乯丅暯撪惌怣丅峕屗弶婜丅,彔,彔柧(偟傚偆傔偄),,,,
亂016惣梞丒搶梞寶抸巎亃,,亂016惣梞丒搶梞寶抸巎亃,,,,
"嘆屆仜仜條幃丗僆乕僟乕乮拰偲僄儞僞僽儗僠儍偺斾+拰摢偺憰忺)丅
僪仜仜幃丄僀仜仜幃丄僐仜仜幃",,"嘆屆戙僊儕僔儍條幃
僪儕僗幃丄僀僆僯傾幃丄僐儕儞僩幃",椺)僷儖僥僲儞恄揳丄僄儗僋僥僀僆儞恄揳,,,
嘇儘仜仜條幃丗傾乕僠丅仜仜償僅乕儖僩丅,,嘇儘乕儅條幃丗傾乕僠丅摏忬償僅乕儖僩丅,椺)僷儞僥僆儞丄僼僅儘丒儘儅乕僲丄僇儔僇儔梺応,,,
嘊價仜仜條幃丗僊仜仜廫帤偺暯柺丅儁仜仜僪乕儉丅,,嘊價僓儞僥傿儞條幃丗僊儕僔儍廫帤偺暯柺丅儁儞僨儞僥傿僽僪乕儉丅,椺)僒儞丒儅儖僐戝惞摪丄僴僊傾丒僜僼傿傾戝惞摪,,,
嘋儘仜仜條幃丗儔僥儞廫帤偺暯柺丅仜仜償僅乕儖僩丅僶僔儕僇丅,,嘋儘儅僱僗僋條幃丗儔僥儞廫帤偺暯柺丅岎嵎償僅乕儖僩丅僶僔儕僇丅,椺)僺僒戝惞摪乮僀僞儕傾乯丄償僅儖儉僗戝惞摪乮僪僀僣乯丄僒儞僞丒儅儕傾廋摴堾乮僗儁僀儞乯丄僔儏僷僀儎乕戝惞摪乮僪僀僣乯,,,
嘍僑仜仜條幃丗仜仜憢丅仜仜傾乕僠丅仜仜償僅乕儖僩丅僼仜仜僶僢僩儗僗丅,,"嘍僑僔僢僋條幃
僶儔憢丅愲搩傾乕僠丅儕僽償僅乕儖僩丅僼儔僀儞僌僶僢僩儗僗丅",椺)僒儞僩僔儍儁儖乮僼儔儞僗乯,,,
嘐儖仜仜條幃丗僊仜仜丒儘仜仜帪戙偺暅嫽丅,,嘐儖僱僒儞僗條幃丗僊儕僔儍丒儘乕儅帪戙偺暅嫽丅,椺)僼傿儗儞僣僃戝惞摪乮僀僞儕傾乯丄僥儞僺僄僢僩乮僀僞儕傾儘乕儅乯丄僇儞僺僪儕僆峀応乮僀僞儕傾儘乕儅乯,,,
嘑僶仜仜條幃丗晄婯仜仜丅仜仜墌丅榗傫偩仜仜,,嘑僶儘僢僋條幃丗晄婯懃丅懭墌丅榗傫偩恀庫丅,椺)僒儞僺僄僩儘戝惞摪乮僀僞儕傾儘乕儅丅懭墌偺峀応偁傞乯丅償僃儖僒僀儐媨揳乮僼儔儞僗乯,,,
嘒儘仜仜條幃丗仜仜側憰忺丅儘僇僀儐憰忺丅擫懌媟晹丅,,嘒儘僐僐條幃丗桪夒側憰忺丅儘僇僀儐憰忺丅擫懌媟晹丅,椺)僆僥儖丒僪丒僗乕價乕僘乮僼儔儞僗乯,,,
嘓怴仜仜條幃丗僊儕僔儍丒儘乕儅帪戙傪婯斖丅,,嘓怴屆揟庡媊條幃丗僊儕僔儍丒儘乕儅帪戙傪婯斖丅,椺)戝塸攷暔娰丅傾儖僥僗儉僛僂儉乮僪僀僣乯,,,
嘔儘仜仜條幃丗僑僔僢僋條幃偺柾曧丅,,嘔儘儅儞庡媊條幃丗僑僔僢僋條幃偺柾曧丅,椺),,,
嘕傾仜仜條幃丗嬋仜仜傪懡梡偟偨條幃丅揝丄僈仜仜偺棙梡丅,,嘕傾乕儖僰乕償僅乕條幃丗嬋慄傪懡梡偟偨條幃丅揝丄僈儔僗偺棙梡丅,椺)僞僢僙儖揁乮儀儖僊乕乯丄僆儖僞帺揁乮儀儖僊乕乯丄僷儕偺抧壓揝墂弌擖岥,,,
仭僊儕僔儍寶抸偺3偮偺拰摢,,仭僊儕僔儍寶抸偺3偮偺拰摢,,,,
嘆僪仜仜幃丗僄仜仜傪傕偮,,嘆僪儕僗幃丗僄儞僞僔僗傪傕偮,,,,
嘇僀仜仜幃丗塓仜仜宆偺拰摢,,嘇僀僆僯傾幃丗塓姫宆偺拰摢,,,,
嘊僐仜仜幃丗怉仜仜梩偺拰摢乮傾僇儞僒僗偺梩乯,,嘊僐儕儞僩幃丗怉暔偺梩偺拰摢乮傾僇儞僒僗偺梩乯,,,,
亂017宊栺丒儅僱僕儊儞僩亃,,亂017宊栺丒儅僱僕儊儞僩亃,,,,
仭宊栺,,仭宊栺,,,,
"愝寁幰偺朄揑媊柋
嘆慞仜仜媊柋
嘇愢仜仜媊柋
嘊姰惉寶暔偺嚓仜仜偵懳偡傞愑擟",,"愝寁幰偺朄揑媊柋
嘆慞娗拲堄媊柋
嘇愢柧媊柋
嘊姰惉寶暔偺嚓醨偵懳偡傞愑擟",,,,
"寶抸庡偺媊柋
嘆曬仜仜媊柋
嘇愝仜仜媊柋",,"寶抸庡偺媊柋
嘆曬廣巟暐媊柋
嘇愝寁傊偺嫤椡媊柋",,,,
"岺帠娔棟幰偺媊柋
嘆廳仜仜媊柋
嘇彂仜仜媊柋
嘊慞仜仜媊柋",,"岺帠娔棟幰偺媊柋
嘆廳梫帠崁愢柧媊柋
嘇彂柺岎晅媊柋
嘊慞娗拲堄媊柋",,,,
"昗弨宊栺栺娂偺庡側椺
丒岞嫟寶抸岺帠昗弨惪晧宊栺栺娂
丒柉娫寶抸岺帠昗弨惪晧宊栺栺娂",,"昗弨宊栺栺娂偺庡側椺
丒岞嫟寶抸岺帠昗弨惪晧宊栺栺娂
丒柉娫寶抸岺帠昗弨惪晧宊栺栺娂",,,,
仭儅僱僕儊儞僩,,仭儅僱僕儊儞僩,,,,
丒挷払曽幃偺庬椶,,丒挷払曽幃偺庬椶,,,,
愝寁巤岺暘棧敪拲曽幃,,愝寁巤岺暘棧敪拲曽幃,,,,
愝寁巤岺堦妵敪拲曽幃,,愝寁巤岺堦妵敪拲曽幃,,,,
GC堦幃惪晧曽幃,,GC堦幃惪晧曽幃,,,,
巤岺暘棧敪拲曽幃,,巤岺暘棧敪拲曽幃,,,,
儅僱僕儊儞僩曽幃,,儅僱僕儊儞僩曽幃,,,,
CM曽幃乮PureCM乯,,CM曽幃乮PureCM乯,,,,
PFI曽幃(僾儔僀儀乕僩丒僼傽僀僫儞僗丒僀僯僔傾僥傿僽 )丗柉娫偺僲僂僴僂傪妶梡偟偨岞嫟巤愝偺寶愝丒塣塩庤朄偺偙偲偱偡丅,,PFI曽幃(僾儔僀儀乕僩丒僼傽僀僫儞僗丒僀僯僔傾僥傿僽 )丗柉娫偺僲僂僴僂傪妶梡偟偨岞嫟巤愝偺寶愝丒塣塩庤朄偺偙偲偱偡丅,,,,
ECI偼丄Early Contractor Involvement偺棯偱偡丅,,ECI偼丄Early Contractor Involvement偺棯偱偡丅,,,,
乽傾乕儕乕乮憗婜乯乿偵乽僐儞僩儔僋僞乕乮惪晧幰丒巤岺幰乯乿偑乽僀儞儃儖僽儊儞僩乮娭梌乯乿偡傞偲偄偆堄枴偱偡丅,,乽傾乕儕乕乮憗婜乯乿偵乽僐儞僩儔僋僞乕乮惪晧幰丒巤岺幰乯乿偑乽僀儞儃儖僽儊儞僩乮娭梌乯乿偡傞偲偄偆堄枴偱偡丅,,,,
JV乮僕儑僀儞僩儀儞僠儍乕乯丗暋悢偺寶愝嬈幰偑摿掕偺僾儘僕僃僋僩偺偨傔偵慻怐偡傞嫟摨婇嬈懱偱偁傞丅儕僗僋傪暘嶶偡傞栚揑丅,,JV乮僕儑僀儞僩儀儞僠儍乕乯丗暋悢偺寶愝嬈幰偑摿掕偺僾儘僕僃僋僩偺偨傔偵慻怐偡傞嫟摨婇嬈懱偱偁傞丅儕僗僋傪暘嶶偡傞栚揑丅,,,,
SPC丗摿掕帠嬈栚揑夛幮乮Special Purpose Company乯丅PFI偱傛偔嶌傜傟傞丅儕僗僋傪尷掕揑偵偡傞栚揑丅摿掕帠嬈埲奜偵偼峴傢側偄丅宊栺婜娫偑廔椆偟偨傜夝嶶丅,,SPC丗摿掕帠嬈栚揑夛幮乮Special Purpose Company乯丅PFI偱傛偔嶌傜傟傞丅儕僗僋傪尷掕揑偵偡傞栚揑丅摿掕帠嬈埲奜偵偼峴傢側偄丅宊栺婜娫偑廔椆偟偨傜夝嶶丅,,,,
丒PFI偺庤朄,,丒PFI偺庤朄,,,,
"BOT
丂Build乮柉娫偵傛傞寶愝乯仺Operate乮柉娫偵傛傞塣塩乯仺Transfer乮峴惌偵堏娗乯
丂仺柉娫偵傛傞塣塩偺僲僂僴僂傗憂堄岺晇偑敪婗偝傟傗偡偄丅",,"BOT
丂Build乮柉娫偵傛傞寶愝乯仺Operate乮柉娫偵傛傞塣塩乯仺Transfer乮峴惌偵堏娗乯
丂仺柉娫偵傛傞塣塩偺僲僂僴僂傗憂堄岺晇偑敪婗偝傟傗偡偄丅",,,,
"BTO
丂Build乮柉娫偵傛傞寶愝乯仺Transfer乮峴惌偵堏娗乯仺Operate乮柉娫偵傛傞塣塩乯
丂仺峴惌偑巤愝傪強桳偟偰偐傜柉娫偑塣塩偡傞偨傔丄
丂丂塣塩偺嵺偵峴惌偐傜偺曗彆嬥傗惻惂柺偱桪嬾偑偁傞応崌偑懡偄丅
丂丂偙偺棟桼偱BTO偺傎偆偑幚椺偲偟偰偼懡偄丅",,"BTO
丂Build乮柉娫偵傛傞寶愝乯仺Transfer乮峴惌偵堏娗乯仺Operate乮柉娫偵傛傞塣塩乯
丂仺峴惌偑巤愝傪強桳偟偰偐傜柉娫偑塣塩偡傞偨傔丄
丂丂塣塩偺嵺偵峴惌偐傜偺曗彆嬥傗惻惂柺偱桪嬾偑偁傞応崌偑懡偄丅
丂丂偙偺棟桼偱BTO偺傎偆偑幚椺偲偟偰偼懡偄丅",,,,
仭帠嬈寁夋側偳,,仭帠嬈寁夋側偳,,,,
"丒僼傿乕僕價儕僥傿僗僞僨傿
乽僼傿乕僕價儕僥傿乿偲偼乽幚尰壜擻惈乿偲偄偆堄枴丅
寁夋偟偰偄傞寶抸暔偑庡偲偟偰嵦嶼柺偱幚尰壜擻惈偑偁傞偐斲偐偺梊旛挷嵏偱偡丅
僼傿乕僕價儕僥傿僗僞僨傿偺寢壥偟偩偄偱偼丄寁夋偑拞巭偵側傞偙偲傕偁傝傑偡丅",,"丒僼傿乕僕價儕僥傿僗僞僨傿
乽僼傿乕僕價儕僥傿乿偲偼乽幚尰壜擻惈乿偲偄偆堄枴丅
寁夋偟偰偄傞寶抸暔偑庡偲偟偰嵦嶼柺偱幚尰壜擻惈偑偁傞偐斲偐偺梊旛挷嵏偱偡丅
僼傿乕僕價儕僥傿僗僞僨傿偺寢壥偟偩偄偱偼丄寁夋偑拞巭偵側傞偙偲傕偁傝傑偡丅",,,,
"丒僨儏乕僨儕僕僃儞僗
DD乮僨傿乕僨傿乕乯偲傕尵偄傑偡丅
乽僨儏乕僨儕僕僃儞僗乮Due Diligence乯乿偼乽摉慠偺搘椡乿偲偄偆堄枴丅
晄摦嶻偺庢摼傗M仌A乮婇嬈偺崌暪傗攦廂乯偺慜偵峴偆丄庡偲偟偰嵦嶼柺偵偮偄偰偺徻嵶側挷嵏偱偡丅",,"丒僨儏乕僨儕僕僃儞僗
DD乮僨傿乕僨傿乕乯偲傕尵偄傑偡丅
乽僨儏乕僨儕僕僃儞僗乮Due Diligence乯乿偼乽摉慠偺搘椡乿偲偄偆堄枴丅
晄摦嶻偺庢摼傗M仌A乮婇嬈偺崌暪傗攦廂乯偺慜偵峴偆丄庡偲偟偰嵦嶼柺偵偮偄偰偺徻嵶側挷嵏偱偡丅",,,,
丒BCP丗價僕僱僗僐儞僥傿僯儏乕僾儔儞丅嵭奞摍偑婲偒偰傕帠嬈偑宲懕偱偒傞傛偆偵嶌惉偡傞峴摦寁夋丅,,丒BCP丗價僕僱僗僐儞僥傿僯儏乕僾儔儞丅嵭奞摍偑婲偒偰傕帠嬈偑宲懕偱偒傞傛偆偵嶌惉偡傞峴摦寁夋丅,,,,
亂18寶抸愊嶼亃,,亂18寶抸愊嶼亃,,,,
"丒愊嶼悢検偺掕媊偺庬椶
愝仜仜悢検丗仜仜恾彂偐傜媮傔偨悢検
強仜仜悢検丗愗仜仜丄懝仜仜側偳傪娷傫偩悢検
寁仜仜悢検丗仜仜寁夋偵傛傝媮傔偨悢検乮愝寁恾彂偵側偄壖仜仜傗搚仜仜偺悢検摍偑奩摉乯",,"丒愊嶼悢検偺掕媊偺庬椶
愝寁悢検丗愝寁恾彂偐傜媮傔偨悢検
強梫悢検丗愗傝柍懯丄懝栒側偳傪娷傫偩悢検
寁夋悢検丗巤岺寁夋偵傛傝媮傔偨悢検乮愝寁恾彂偵側偄壖愝暔傗搚岺偺悢検摍偑奩摉乯",,,,
"壖愝偺掕媊偺庬椶
嫟仜仜壖愝
捈仜仜壖愝
愱仜仜壖愝",,"壖愝偺掕媊偺庬椶
嫟捠壖愝
捈愙壖愝
愱梡壖愝",崙搚岎捠徣乽岞嫟寶抸悢検愊嶼婎弨乿,,,
仭嬰懱偺愊嶼,,仭嬰懱偺愊嶼,,,,
僐儞僋儕乕僩偺悢検偼丄懱愊偲偡傞丅乮乵m3乶偱悢偊傞丅乯,,丒僐儞僋儕乕僩偺悢検偼丄懱愊偲偡傞丅乮乵m3乶偱悢偊傞丅乯,,,,
僐儞僋儕乕僩偺奐岥晹1偐強摉偨傝偺懱愊偑仜仜m3埲壓偺応崌偼丄僐儞僋儕乕僩偺寚彍偼柍偄傕偺偲偡傞丅,,僐儞僋儕乕僩偺奐岥晹1偐強摉偨傝偺懱愊偑0.5m3埲壓偺応崌偼丄僐儞僋儕乕僩偺寚彍偼柍偄傕偺偲偡傞丅,,,,
SRC憿偺揝崪偵傛傞僐儞僋儕乕僩偺寚娮偼仜仜t傪仜仜m3偱姺嶼偡傞丅,,SRC憿偺揝崪偵傛傞僐儞僋儕乕僩偺寚娮偼7.85t傪1.0m3偱姺嶼偡傞丅,,,,
仭揝嬝丄揝崪偺愊嶼,,仭揝嬝丄揝崪偺愊嶼,,,,
丒揝崪偺悢検偼丄幙検偲偡傞丅乮乵t丗僩儞乶偱悢偊傞丅乯,,丒揝崪偺悢検偼丄幙検偲偡傞丅乮乵t丗僩儞乶偱悢偊傞丅乯,,,,
"揝嬝偺強梫悢検偼丄
丒堦斒丗愝寁悢検偺揝嬝偺仜仜%偺妱憹傪偡傞丅
丒嶳棷暻丄峐丗愝寁悢検偺揝嬝偺仜仜亾偺妱憹偲偡傞丅",,"揝嬝偺強梫悢検偼丄
丒堦斒丗愝寁悢検偺4%偺妱憹傪偡傞丅
嶳棷暻丄峐丗愝寁悢検偺3亾偺妱憹偲偡傞丅",,,,
"揝崪偺強梫悢検偼丄
丒堦斒丗愝寁悢検偺揝崪偺仜仜%偺妱憹丅
丒峀暆暯峾丄揝斅丗揝崪偺仜仜%偺妱憹丅
丒儃儖僩椶丗仜仜%偺妱憹丅
丒傾儞僇乕儃儖僩丄僨僢僉僾儗乕僩丗仜仜%偺妱憹丅",,"揝崪偺強梫悢検偼丄
丒堦斒丗愝寁悢検偺5%偺妱憹丅
丒峀暆暯峾丄揝斅丗3%偺妱憹丅
丒儃儖僩椶丗4%偺妱憹丅
丒傾儞僇乕儃儖僩丄僨僢僉僾儗乕僩丗0%偺妱憹丅",,,,
"廳偹宲庤丒埑愙宲庤偺売強悢乮尨懃乯
丒宎仜仜mm埲壓偺揝嬝丂仺丂仜仜m偛偲偵宲庤偑偁傞傕偺偲偡傞丅
丒宎仜仜mm埲忋偺揝嬝丂仺丂仜仜m偛偲偵宲庤偑偁傞傕偺偲偡傞丅",,"廳偹宲庤丒埑愙宲庤偺売強悢乮尨懃乯
丒宎13mm埲壓偺揝嬝丂仺丂6.0m偛偲偵宲庤偑偁傞傕偺偲偡傞丅
丒宎16mm埲忋偺揝嬝丂仺丂7.0m偛偲偵宲庤偑偁傞傕偺偲偡傞丅",,,,
"梟愙挿
丒媟挿仜仜mm偺仜仜梟愙偵姺嶼偟偨墑傋挿偝偱愊嶼丅",,"梟愙挿
丒媟挿6mm偺嬿擏梟愙偵姺嶼偟偨墑傋挿偝偱愊嶼丅",,,,
仭抧嬈,,仭抧嬈,,,,
"朄晅偗岺朄
丂梋暆亖乽嶌嬈忋偺備偲傝暆乿亄乽朄暆偺仜仜/2乿",,"朄晅偗岺朄
丂梋暆亖乽嶌嬈忋偺備偲傝暆乿亄乽朄暆偺1/2乿",,,,
"嶳棷傔岺朄
丒梋暆亖仜仜m乮崻愗傝怺偝偵偐偐傢傜偢乯",,"嶳棷傔岺朄
丒梋暆亖1.0m乮崻愗傝怺偝偵偐偐傢傜偢乯",,,,
"嶌嬈忋偺備偲傝暆偺昗弨
丒仜仜m",,"嶌嬈忋偺備偲傝暆偺昗弨
丒0.5m丂丂乧偙傟偑昗弨",,,,
"搚娫丄將憱傝偵偍偗傞嶌嬈忋偺備偲傝暆
丒仜仜m",,"搚娫丄將憱傝偵偍偗傞嶌嬈忋偺備偲傝暆
丒0.1m丂丂乧偙傟偑椺奜",,,,
丒巇忋偘偺愊嶼,,丒巇忋偘偺愊嶼,,,,
仭娫巇愗壓抧,,仭娫巇愗壓抧,,,,
"嘆1抜奒栚偺妱憹
丂乽愝寁悺朄偵傛傞挿偝傪m扨埵偵愗傝忋偘偨挿偝乿傪媮傔傞丅",,嘆1抜奒栚偺妱憹,,,,
"嘇2抜奒栚偺妱憹
丂媮傔偨挿偝偲乽愝寁恾彂偵偍偗傞抐柺愊乿偲偵傛傞懱愊傪媮傔偰5亾偺妱憹傪偡傞丅",,嘇2抜奒栚偺妱憹,,,,
仭巇忋,,仭巇忋,,,,
"嘆1抜奒栚偺妱憹
丂乽撪朄悺朄偵傛傞挿偝偵椉抂偺愙崌摍偺偨傔偵昁梫側挿偝偲偟偰10亾傪壛偊偨挿偝乿傪媮傔傞丅",,嘆1抜奒栚偺妱憹,,,,
"嘇2抜奒栚偺妱憹
丂媮傔偨挿偝偲乽愝寁恾彂偵偍偗傞抐柺愊乿偲偵傛傞懱愊傪媮傔偰5亾偺妱憹傪偡傞丅
1抜奒栚偺挿偝偺妱憹偺曽朄偼堎側傝傑偡偑丄栚揑偼傎傏傎傏摨偠偱偡丅",,嘇2抜奒栚偺妱憹,,,,
,,,,,,
"僄僗僇儗乕僞乕
丒僄僗僇儗乕僞乕偺岡攝丗30搙埲壓
丒僄僗僇儗乕僞乕偺懍搙丗
丒50m/暘埲壓乮岡攝8搙埲壓乯
丒45m/暘埲壓乮岡攝8搙乣30搙乯
乮寶抸婎弨朄巤峴椷129忦偺12乯",,"僄僗僇儗乕僞乕
丒僄僗僇儗乕僞乕偺岡攝丗30搙埲壓
丒僄僗僇儗乕僞乕偺懍搙丗
丒50m/暘埲壓乮岡攝8搙埲壓乯
丒45m/暘埲壓乮岡攝8搙乣30搙乯
乮寶抸婎弨朄巤峴椷129忦偺12乯",,,,
